material_id,material,material_Temperature,S_ethane,S_ethylene,S_propane,S_propylene,S_C4,X_acetylene,X_ethylene,time (min)
KHR-KA-058-08,Pd_Ag_1_12,Pd_Ag_1_12_150,0.1053,0.653,,,0.129,1,,13.5
KHR-KA-058-08,Pd_Ag_1_12,Pd_Ag_1_12_150,0.0996,0.6662,,,0.1164,1,,27
KHR-KA-058-08,Pd_Ag_1_12,Pd_Ag_1_12_150,0.0993,0.6645,,,0.1151,1,,40.5
KHR-KA-058-08,Pd_Ag_1_12,Pd_Ag_1_12_150,0.1001,0.6644,,,0.1154,1,,54
KHR-KA-058-08,Pd_Ag_1_12,Pd_Ag_1_12_150,0.1003,0.6572,,,0.1156,1,,67.5
KHR-KA-058-08,Pd_Ag_1_12,Pd_Ag_1_12_150,0.1011,0.6592,,,0.1164,1,,81
KHR-KA-058-08,Pd_Ag_1_12,Pd_Ag_1_12_150,0.1012,0.654,,,0.1172,1,,94.5
KHR-KA-058-08,Pd_Ag_1_12,Pd_Ag_1_12_150,0.1017,0.6532,,,0.1178,1,,108
KHR-KA-058-08,Pd_Ag_1_12,Pd_Ag_1_12_150,0.1039,0.6576,,,0.1187,1,,121.5
KHR-KA-058-08,Pd_Ag_1_12,Pd_Ag_1_12_150,0.1061,0.6556,,,0.1189,1,,135
KHR-KA-058-08,Pd_Ag_1_12,Pd_Ag_1_12_150,0.1074,0.6438,,,0.1182,1,,148.5
KHR-KA-058-08,Pd_Ag_1_12,Pd_Ag_1_12_150,0.1099,0.648,,,0.1185,1,,162
KHR-KA-058-08,Pd_Ag_1_12,Pd_Ag_1_12_150,0.1127,0.6496,,,0.1189,1,,175.5
KHR-KA-058-08,Pd_Ag_1_12,Pd_Ag_1_12_150,0.1146,0.6475,,,0.1187,1,,189
KHR-KA-058-08,Pd_Ag_1_12,Pd_Ag_1_12_150,0.1161,0.6383,,,0.1182,1,,202.5
KHR-KA-058-08,Pd_Ag_1_12,Pd_Ag_1_12_150,0.1187,0.642,,,0.1185,1,,216
KHR-KA-058-08,Pd_Ag_1_12,Pd_Ag_1_12_150,0.1206,0.6444,,,0.1188,1,,229.5
KHR-KA-058-08,Pd_Ag_1_12,Pd_Ag_1_12_150,0.1222,0.6401,,,0.1185,1,,243
KHR-KA-058-08,Pd_Ag_1_12,Pd_Ag_1_12_150,0.1239,0.639,,,0.1187,1,,256.5
KHR-KA-058-08,Pd_Ag_1_12,Pd_Ag_1_12_150,0.1252,0.6355,,,0.1185,1,,270
KHR-KA-058-08,Pd_Ag_1_12,Pd_Ag_1_12_150,0.1271,0.6373,,,0.1186,1,,283.5
KHR-KA-058-08,Pd_Ag_1_12,Pd_Ag_1_12_150,0.128,0.6287,,,0.1178,1,,297
KHR-KA-058-08,Pd_Ag_1_12,Pd_Ag_1_12_150,0.1294,0.6261,,,0.1178,1,,310.5
KHR-KA-058-08,Pd_Ag_1_12,Pd_Ag_1_12_150,0.1309,0.6271,,,0.1181,1,,324
KHR-KA-058-08,Pd_Ag_1_12,Pd_Ag_1_12_150,0.132,0.6254,,,0.118,1,,337.5
KHR-KA-058-08,Pd_Ag_1_12,Pd_Ag_1_12_150,0.1331,0.6233,,,0.118,1,,351
KHR-KA-058-08,Pd_Ag_1_12,Pd_Ag_1_12_150,0.1342,0.6215,,,0.118,1,,364.5
KHR-KA-058-08,Pd_Ag_1_12,Pd_Ag_1_12_150,0.1359,0.6185,,,0.1179,1,,378
KHR-KA-058-08,Pd_Ag_1_12,Pd_Ag_1_12_150,0.1357,0.6131,,,0.1178,1,,391.5
KHR-KA-058-08,Pd_Ag_1_12,Pd_Ag_1_12_150,0.136,0.6114,,,0.1179,1,,405
KHR-KA-058-08,Pd_Ag_1_12,Pd_Ag_1_12_150,0.1371,0.6105,,,0.1179,1,,418.5
KHR-KA-058-08,Pd_Ag_1_12,Pd_Ag_1_12_150,0.138,0.6087,,,0.1179,1,,432
KHR-KA-058-08,Pd_Ag_1_12,Pd_Ag_1_12_150,0.1387,0.6091,,,0.1181,1,,445.5
KHR-KA-058-08,Pd_Ag_1_12,Pd_Ag_1_12_150,0.1391,0.606,,,0.1179,1,,459
KHR-KA-058-08,Pd_Ag_1_12,Pd_Ag_1_12_150,0.1395,0.603,,,0.1179,1,,472.5
KHR-KA-058-08,Pd_Ag_1_12,Pd_Ag_1_12_150,0.1395,0.5985,,,0.118,1,,486
KHR-KA-058-08,Pd_Ag_1_12,Pd_Ag_1_12_150,0.1401,0.5954,,,0.1177,1,,499.5
KHR-KA-058-08,Pd_Ag_1_12,Pd_Ag_1_12_150,0.1409,0.6035,,,0.1183,1,,513
KHR-KA-058-08,Pd_Ag_1_12,Pd_Ag_1_12_150,0.1407,0.5986,,,0.1182,1,,526.5
KHR-KA-058-08,Pd_Ag_1_12,Pd_Ag_1_12_150,0.142,0.606,,,0.1188,1,,540
KHR-KA-058-08,Pd_Ag_1_12,Pd_Ag_1_12_150,0.1425,0.6029,,,0.1189,1,,553.5
KHR-KA-058-08,Pd_Ag_1_12,Pd_Ag_1_12_150,0.1432,0.6077,,,0.1194,1,,567
KHR-KA-058-08,Pd_Ag_1_12,Pd_Ag_1_12_150,0.1428,0.6028,,,0.119,1,,580.5
KHR-KA-058-08,Pd_Ag_1_12,Pd_Ag_1_12_150,0.1427,0.6004,,,0.1191,1,,594
KHR-KA-058-08,Pd_Ag_1_12,Pd_Ag_1_12_150,0.1431,0.5984,,,0.119,1,,607.499999999999
KHR-KA-058-08,Pd_Ag_1_12,Pd_Ag_1_12_150,0.1439,0.5975,,,0.1191,1,,620.999999999999
KHR-KA-058-08,Pd_Ag_1_12,Pd_Ag_1_12_150,0.1436,0.5991,,,0.1193,1,,634.499999999999
KHR-KA-058-08,Pd_Ag_1_12,Pd_Ag_1_12_150,0.1462,0.6026,,,0.12,1,,647.999999999999
KHR-KA-058-08,Pd_Ag_1_12,Pd_Ag_1_12_150,0.1473,0.6016,,,0.1195,1,,661.499999999999
KHR-KA-058-08,Pd_Ag_1_12,Pd_Ag_1_12_150,0.1462,0.5965,,,0.1193,1,,674.999999999999
KHR-KA-058-08,Pd_Ag_1_12,Pd_Ag_1_12_150,0.1467,0.5983,,,0.1196,1,,688.499999999999
KHR-KA-058-08,Pd_Ag_1_12,Pd_Ag_1_12_150,0.1467,0.5974,,,0.1196,1,,701.999999999999
KHR-KA-058-08,Pd_Ag_1_12,Pd_Ag_1_12_150,0.1473,0.5961,,,0.1196,1,,715.499999999999
KHR-KA-058-08,Pd_Ag_1_12,Pd_Ag_1_12_150,0.1474,0.5969,,,0.1198,1,,728.999999999999
KHR-KA-058-08,Pd_Ag_1_12,Pd_Ag_1_12_150,0.1475,0.5943,,,0.1196,1,,742.499999999999
KHR-KA-058-08,Pd_Ag_1_12,Pd_Ag_1_12_150,0.1475,0.5913,,,0.1195,1,,755.999999999999
KHR-KA-058-08,Pd_Ag_1_12,Pd_Ag_1_12_150,0.1472,0.5895,,,0.1195,1,,769.499999999999
KHR-KA-058-08,Pd_Ag_1_12,Pd_Ag_1_12_150,0.1477,0.5934,,,0.1201,1,,782.999999999999
KHR-KA-059-08,Pd_Ag_1_15,Pd_Ag_1_15_150,0.1082,0.6743,,,0.1252,1,,13.5
KHR-KA-059-08,Pd_Ag_1_15,Pd_Ag_1_15_150,0.1046,0.6786,,,0.1131,1,,27
KHR-KA-059-08,Pd_Ag_1_15,Pd_Ag_1_15_150,0.1025,0.68,,,0.1121,1,,40.5
KHR-KA-059-08,Pd_Ag_1_15,Pd_Ag_1_15_150,0.1016,0.6806,,,0.1123,1,,54
KHR-KA-059-08,Pd_Ag_1_15,Pd_Ag_1_15_150,0.1014,0.6811,,,0.113,1,,67.5
KHR-KA-059-08,Pd_Ag_1_15,Pd_Ag_1_15_150,0.1011,0.6807,,,0.1137,1,,81
KHR-KA-059-08,Pd_Ag_1_15,Pd_Ag_1_15_150,0.1011,0.6766,,,0.114,1,,94.5
KHR-KA-059-08,Pd_Ag_1_15,Pd_Ag_1_15_150,0.1017,0.6735,,,0.1148,1,,108
KHR-KA-059-08,Pd_Ag_1_15,Pd_Ag_1_15_150,0.1038,0.6768,,,0.1154,1,,121.5
KHR-KA-059-08,Pd_Ag_1_15,Pd_Ag_1_15_150,0.1055,0.6697,,,0.1154,1,,135
KHR-KA-059-08,Pd_Ag_1_15,Pd_Ag_1_15_150,0.1077,0.6681,,,0.1156,1,,148.5
KHR-KA-059-08,Pd_Ag_1_15,Pd_Ag_1_15_150,0.1098,0.6641,,,0.1158,1,,162
KHR-KA-059-08,Pd_Ag_1_15,Pd_Ag_1_15_150,0.112,0.6588,,,0.1157,1,,175.5
KHR-KA-059-08,Pd_Ag_1_15,Pd_Ag_1_15_150,0.1146,0.6594,,,0.116,1,,189
KHR-KA-059-08,Pd_Ag_1_15,Pd_Ag_1_15_150,0.1171,0.6621,,,0.1166,1,,202.5
KHR-KA-059-08,Pd_Ag_1_15,Pd_Ag_1_15_150,0.1188,0.6549,,,0.1163,1,,216
KHR-KA-059-08,Pd_Ag_1_15,Pd_Ag_1_15_150,0.1211,0.655,,,0.1167,1,,229.5
KHR-KA-059-08,Pd_Ag_1_15,Pd_Ag_1_15_150,0.123,0.6473,,,0.1166,1,,243
KHR-KA-059-08,Pd_Ag_1_15,Pd_Ag_1_15_150,0.125,0.6451,,,0.1169,1,,256.5
KHR-KA-059-08,Pd_Ag_1_15,Pd_Ag_1_15_150,0.1268,0.644,,,0.1171,1,,270
KHR-KA-059-08,Pd_Ag_1_15,Pd_Ag_1_15_150,0.1289,0.6422,,,0.1173,1,,283.5
KHR-KA-059-08,Pd_Ag_1_15,Pd_Ag_1_15_150,0.1311,0.6432,,,0.1176,1,,297
KHR-KA-059-08,Pd_Ag_1_15,Pd_Ag_1_15_150,0.1329,0.6356,,,0.1172,1,,310.5
KHR-KA-059-08,Pd_Ag_1_15,Pd_Ag_1_15_150,0.1345,0.6299,,,0.117,1,,324
KHR-KA-059-08,Pd_Ag_1_15,Pd_Ag_1_15_150,0.1362,0.6286,,,0.1174,1,,337.5
KHR-KA-059-08,Pd_Ag_1_15,Pd_Ag_1_15_150,0.1382,0.626,,,0.1174,1,,351
KHR-KA-059-08,Pd_Ag_1_15,Pd_Ag_1_15_150,0.1394,0.6211,,,0.1173,1,,364.5
KHR-KA-059-08,Pd_Ag_1_15,Pd_Ag_1_15_150,0.1411,0.6164,,,0.1172,1,,378
KHR-KA-059-08,Pd_Ag_1_15,Pd_Ag_1_15_150,0.1425,0.6132,,,0.1171,1,,391.5
KHR-KA-059-08,Pd_Ag_1_15,Pd_Ag_1_15_150,0.1442,0.6128,,,0.1175,1,,405
KHR-KA-059-08,Pd_Ag_1_15,Pd_Ag_1_15_150,0.1458,0.6068,,,0.1172,1,,418.5
KHR-KA-059-08,Pd_Ag_1_15,Pd_Ag_1_15_150,0.1474,0.6013,,,0.1169,1,,432
KHR-KA-059-08,Pd_Ag_1_15,Pd_Ag_1_15_150,0.149,0.5983,,,0.1172,1,,445.5
KHR-KA-059-08,Pd_Ag_1_15,Pd_Ag_1_15_150,0.1499,0.5932,,,0.117,1,,459
KHR-KA-059-08,Pd_Ag_1_15,Pd_Ag_1_15_150,0.1521,0.5919,,,0.1172,1,,472.5
KHR-KA-059-08,Pd_Ag_1_15,Pd_Ag_1_15_150,0.1535,0.5818,,,0.1168,1,,486
KHR-KA-059-08,Pd_Ag_1_15,Pd_Ag_1_15_150,0.1555,0.5838,,,0.1172,1,,499.5
KHR-KA-059-08,Pd_Ag_1_15,Pd_Ag_1_15_150,0.1576,0.584,,,0.1175,1,,513
KHR-KA-059-08,Pd_Ag_1_15,Pd_Ag_1_15_150,0.1608,0.5836,,,0.1179,1,,526.5
KHR-KA-059-08,Pd_Ag_1_15,Pd_Ag_1_15_150,0.163,0.5837,,,0.1181,1,,540
KHR-KA-059-08,Pd_Ag_1_15,Pd_Ag_1_15_150,0.1654,0.5757,,,0.1176,1,,553.5
KHR-KA-059-08,Pd_Ag_1_15,Pd_Ag_1_15_150,0.1678,0.5737,,,0.1176,1,,567
KHR-KA-059-08,Pd_Ag_1_15,Pd_Ag_1_15_150,0.1701,0.5751,,,0.118,1,,580.5
KHR-KA-059-08,Pd_Ag_1_15,Pd_Ag_1_15_150,0.1708,0.5685,,,0.1178,1,,594
KHR-KA-059-08,Pd_Ag_1_15,Pd_Ag_1_15_150,0.1718,0.5655,,,0.1176,1,,607.499999999999
KHR-KA-059-08,Pd_Ag_1_15,Pd_Ag_1_15_150,0.1727,0.5642,,,0.1221,1,,620.999999999999
KHR-KA-059-08,Pd_Ag_1_15,Pd_Ag_1_15_150,0.1731,0.5606,,,0.122,1,,634.499999999999
KHR-KA-059-08,Pd_Ag_1_15,Pd_Ag_1_15_150,0.1733,0.5604,,,0.1221,1,,647.999999999999
KHR-KA-059-08,Pd_Ag_1_15,Pd_Ag_1_15_150,0.174,0.5564,,,0.1219,1,,661.499999999999
KHR-KA-059-08,Pd_Ag_1_15,Pd_Ag_1_15_150,0.1735,0.5586,,,0.1223,1,,674.999999999999
KHR-KA-059-08,Pd_Ag_1_15,Pd_Ag_1_15_150,0.1735,0.5581,,,0.1223,1,,688.499999999999
KHR-KA-059-08,Pd_Ag_1_15,Pd_Ag_1_15_150,0.1729,0.5586,,,0.1222,1,,701.999999999999
KHR-KA-059-08,Pd_Ag_1_15,Pd_Ag_1_15_150,0.1723,0.56,,,0.1226,1,,715.499999999999
KHR-KA-059-08,Pd_Ag_1_15,Pd_Ag_1_15_150,0.171,0.559,,,0.1225,1,,728.999999999999
KHR-KA-059-08,Pd_Ag_1_15,Pd_Ag_1_15_150,0.169,0.5644,,,0.1231,1,,742.499999999999
KHR-KA-059-08,Pd_Ag_1_15,Pd_Ag_1_15_150,0.1661,0.5661,,,0.119,1,,755.999999999999
KHR-KA-059-08,Pd_Ag_1_15,Pd_Ag_1_15_150,0.1625,0.5704,,,0.1193,1,,769.499999999999
KHR-KA-059-08,Pd_Ag_1_15,Pd_Ag_1_15_150,0.1599,0.5805,,,0.1207,1,,782.999999999999
TRN-TA-098-14,Pd_Ag_Cu_1_5_1,Pd_Ag_Cu_1_5_1_150,0.42736236210597,0.542918094127482,,,0.080213893907613,1,,13.5
TRN-TA-098-14,Pd_Ag_Cu_1_5_1,Pd_Ag_Cu_1_5_1_150,0.293004482969217,0.539386090285309,,,0.070223491438085,1,,27
TRN-TA-098-14,Pd_Ag_Cu_1_5_1,Pd_Ag_Cu_1_5_1_150,0.250697315322376,0.582020110633973,,,0.07211448865551,1,,40.5
TRN-TA-098-14,Pd_Ag_Cu_1_5_1,Pd_Ag_Cu_1_5_1_150,0.226072368340376,0.610852055410063,,,0.074175514670353,1,,54
TRN-TA-098-14,Pd_Ag_Cu_1_5_1,Pd_Ag_Cu_1_5_1_150,0.210537393748078,0.626504716840319,,,0.075112284815976,1,,67.5
TRN-TA-098-14,Pd_Ag_Cu_1_5_1,Pd_Ag_Cu_1_5_1_150,0.199059773575479,0.63558626395349,,,0.07600511491515,1,,81
TRN-TA-098-14,Pd_Ag_Cu_1_5_1,Pd_Ag_Cu_1_5_1_150,0.191317847509137,0.642879067694993,,,0.073186356443479,1,,94.5
TRN-TA-098-14,Pd_Ag_Cu_1_5_1,Pd_Ag_Cu_1_5_1_150,0.185280940397992,0.650721789292733,,,0.073942027618628,1,,108
TRN-TA-098-14,Pd_Ag_Cu_1_5_1,Pd_Ag_Cu_1_5_1_150,0.181940904380664,0.648990578708597,,,0.074335207539774,1,,121.5
TRN-TA-098-14,Pd_Ag_Cu_1_5_1,Pd_Ag_Cu_1_5_1_150,0.179610372722256,0.651333491498339,,,0.074637185014967,1,,135
TRN-TA-098-14,Pd_Ag_Cu_1_5_1,Pd_Ag_Cu_1_5_1_150,0.177569761482939,0.652724584992577,,,0.075279650685762,1,,148.5
TRN-TA-098-14,Pd_Ag_Cu_1_5_1,Pd_Ag_Cu_1_5_1_150,0.177477840483695,0.659383822129521,,,0.075682782036927,1,,162
TRN-TA-098-14,Pd_Ag_Cu_1_5_1,Pd_Ag_Cu_1_5_1_150,0.176246280241736,0.655396443419615,,,0.075941202455151,1,,175.5
TRN-TA-098-14,Pd_Ag_Cu_1_5_1,Pd_Ag_Cu_1_5_1_150,0.176227655700225,0.654616664943502,,,0.076330019394494,1,,189
TRN-TA-098-14,Pd_Ag_Cu_1_5_1,Pd_Ag_Cu_1_5_1_150,0.176202273679878,0.649461279866665,,,0.076686117168043,1,,202.5
TRN-TA-098-14,Pd_Ag_Cu_1_5_1,Pd_Ag_Cu_1_5_1_150,0.178118904648115,0.653681467303768,,,0.077193359373158,1,,216
TRN-TA-098-14,Pd_Ag_Cu_1_5_1,Pd_Ag_Cu_1_5_1_150,0.180655284267967,0.644894370435072,,,0.077318087563276,1,,229.5
TRN-TA-098-14,Pd_Ag_Cu_1_5_1,Pd_Ag_Cu_1_5_1_150,0.187921555635226,0.643338566990856,,,0.077728957897069,1,,243
TRN-TA-098-14,Pd_Ag_Cu_1_5_1,Pd_Ag_Cu_1_5_1_150,0.196793938862008,0.631772840208063,,,0.081146362688089,1,,256.5
TRN-TA-098-14,Pd_Ag_Cu_1_5_1,Pd_Ag_Cu_1_5_1_150,0.201899096648053,0.623953926619254,,,0.081075365543998,1,,270
TRN-TA-098-14,Pd_Ag_Cu_1_5_1,Pd_Ag_Cu_1_5_1_150,0.202959970364889,0.624352249930993,,,0.081311290981873,1,,283.5
TRN-TA-098-14,Pd_Ag_Cu_1_5_1,Pd_Ag_Cu_1_5_1_150,0.20210959039136,0.621297746237323,,,0.081603568900349,1,,297
TRN-TA-098-14,Pd_Ag_Cu_1_5_1,Pd_Ag_Cu_1_5_1_150,0.201285429577343,0.613630900801682,,,0.081418173383012,1,,310.5
TRN-TA-098-14,Pd_Ag_Cu_1_5_1,Pd_Ag_Cu_1_5_1_150,0.201715790626942,0.624280385664462,,,0.082256993514047,1,,324
TRN-TA-098-14,Pd_Ag_Cu_1_5_1,Pd_Ag_Cu_1_5_1_150,0.200904574786609,0.623299669151784,,,0.082526985542983,1,,337.5
TRN-TA-098-14,Pd_Ag_Cu_1_5_1,Pd_Ag_Cu_1_5_1_150,0.200365682694032,0.625354348501182,,,0.083049588248408,1,,351
TRN-TA-098-14,Pd_Ag_Cu_1_5_1,Pd_Ag_Cu_1_5_1_150,0.198910850940499,0.620143473846404,,,0.083089101519431,1,,364.5
TRN-TA-098-14,Pd_Ag_Cu_1_5_1,Pd_Ag_Cu_1_5_1_150,0.197781117341456,0.621914516411871,,,0.083501056515384,1,,378
TRN-TA-098-14,Pd_Ag_Cu_1_5_1,Pd_Ag_Cu_1_5_1_150,0.198659367468072,0.629028573742267,,,0.084418806736087,1,,391.5
TRN-TA-098-14,Pd_Ag_Cu_1_5_1,Pd_Ag_Cu_1_5_1_150,0.196410985637896,0.618912095465841,,,0.08410724654831,1,,405
TRN-TA-098-14,Pd_Ag_Cu_1_5_1,Pd_Ag_Cu_1_5_1_150,0.195344520526961,0.621545950188202,,,0.084630357407422,1,,418.5
TRN-TA-098-14,Pd_Ag_Cu_1_5_1,Pd_Ag_Cu_1_5_1_150,0.194507400162851,0.62372365918072,,,0.085203052169336,1,,432
TRN-TA-098-14,Pd_Ag_Cu_1_5_1,Pd_Ag_Cu_1_5_1_150,0.19432941421698,0.626188164418353,,,0.085575581484814,1,,445.5
TRN-TA-098-14,Pd_Ag_Cu_1_5_1,Pd_Ag_Cu_1_5_1_150,0.193831345802166,0.627952597860932,,,0.086016090860873,1,,459
TRN-TA-098-14,Pd_Ag_Cu_1_5_1,Pd_Ag_Cu_1_5_1_150,0.190674677188201,0.611059977954958,,,0.08534891536591,1,,472.5
TRN-TA-098-14,Pd_Ag_Cu_1_5_1,Pd_Ag_Cu_1_5_1_150,0.192347777990859,0.618350999054999,,,0.08639604305949,1,,486
TRN-TA-098-14,Pd_Ag_Cu_1_5_1,Pd_Ag_Cu_1_5_1_150,0.193479957960666,0.626604996972567,,,0.086844760473095,1,,499.5
TRN-TA-098-14,Pd_Ag_Cu_1_5_1,Pd_Ag_Cu_1_5_1_150,0.192938781178539,0.618674369805851,,,0.086447843293663,1,,513
TRN-TA-098-14,Pd_Ag_Cu_1_5_1,Pd_Ag_Cu_1_5_1_150,0.19305409174885,0.624625801429117,,,0.086791529124079,1,,526.5
TRN-TA-098-14,Pd_Ag_Cu_1_5_1,Pd_Ag_Cu_1_5_1_150,0.192827892252479,0.620932229915395,,,0.086826958269883,1,,540
TRN-TA-098-14,Pd_Ag_Cu_1_5_1,Pd_Ag_Cu_1_5_1_150,0.192300780988215,0.621257665641319,,,0.086991295772487,1,,553.5
TRN-TA-098-14,Pd_Ag_Cu_1_5_1,Pd_Ag_Cu_1_5_1_150,0.191999254796693,0.627746666553581,,,0.087424592146889,1,,567
TRN-TA-098-14,Pd_Ag_Cu_1_5_1,Pd_Ag_Cu_1_5_1_150,0.189719971952866,0.620258100269095,,,0.087226558561595,1,,580.5
TRN-TA-098-14,Pd_Ag_Cu_1_5_1,Pd_Ag_Cu_1_5_1_150,0.189221400784776,0.621098548941497,,,0.08737890035549,1,,594
TRN-TA-098-14,Pd_Ag_Cu_1_5_1,Pd_Ag_Cu_1_5_1_150,0.189057907251672,0.623695513230846,,,0.087639875164348,1,,607.499999999999
TRN-TA-098-14,Pd_Ag_Cu_1_5_1,Pd_Ag_Cu_1_5_1_150,0.188835300259003,0.626627059519977,,,0.087654194980354,1,,620.999999999999
TRN-TA-098-14,Pd_Ag_Cu_1_5_1,Pd_Ag_Cu_1_5_1_150,0.18778294775915,0.624185972940136,,,0.08748723048433,1,,634.499999999999
TRN-TA-098-14,Pd_Ag_Cu_1_5_1,Pd_Ag_Cu_1_5_1_150,0.186529400775231,0.621765488236169,,,0.087365964788577,1,,647.999999999999
TRN-TA-098-14,Pd_Ag_Cu_1_5_1,Pd_Ag_Cu_1_5_1_150,0.18626224968896,0.626147932024234,,,0.087541046882342,1,,661.499999999999
TRN-TA-098-14,Pd_Ag_Cu_1_5_1,Pd_Ag_Cu_1_5_1_150,0.184452766341085,0.624626317999213,,,0.087535158665562,1,,674.999999999999
TRN-TA-098-14,Pd_Ag_Cu_1_5_1,Pd_Ag_Cu_1_5_1_150,0.182818806783236,0.622347088474231,,,0.087298796883482,1,,688.499999999999
TRN-TA-098-14,Pd_Ag_Cu_1_5_1,Pd_Ag_Cu_1_5_1_150,0.180959597097296,0.630010530686481,,,0.087589434994476,1,,701.999999999999
TRN-TA-098-14,Pd_Ag_Cu_1_5_1,Pd_Ag_Cu_1_5_1_150,0.179109163981703,0.637302189443315,,,0.087874967988589,1,,715.499999999999
TRN-TA-098-14,Pd_Ag_Cu_1_5_1,Pd_Ag_Cu_1_5_1_150,0.175116182797877,0.633489493566244,,,0.087641711402685,1,,728.999999999999
TRN-TA-098-14,Pd_Ag_Cu_1_5_1,Pd_Ag_Cu_1_5_1_150,0.172222811503882,0.641899808922437,,,0.088046837610219,1,,742.499999999999
TRN-TA-098-14,Pd_Ag_Cu_1_5_1,Pd_Ag_Cu_1_5_1_150,0.169023307189725,0.637455070021316,,,0.087392365276502,1,,755.999999999999
TRN-TA-098-14,Pd_Ag_Cu_1_5_1,Pd_Ag_Cu_1_5_1_150,0.168050365721332,0.644163454184205,,,0.08799483868239,1,,769.499999999999
TRN-TA-098-14,Pd_Ag_Cu_1_5_1,Pd_Ag_Cu_1_5_1_150,0.165306902283846,0.647958719244744,,,0.088114713816457,1,,782.999999999999
TRN-TA-098-14,Pd_Ag_Cu_1_5_1,Pd_Ag_Cu_1_5_1_150,0.162473460520139,0.648006754185671,,,0.088092563462098,1,,796.499999999999
TRN-TA-098-14,Pd_Ag_Cu_1_5_1,Pd_Ag_Cu_1_5_1_150,0.160323352832618,0.649141334778545,,,0.08816336879962,1,,809.999999999999
TRN-TA-098-14,Pd_Ag_Cu_1_5_1,Pd_Ag_Cu_1_5_1_150,0.159823232067422,0.650579909502382,,,0.088182466817119,1,,823.499999999999
TRN-TA-098-14,Pd_Ag_Cu_1_5_1,Pd_Ag_Cu_1_5_1_150,0.160031232817141,0.653925908821652,,,0.088381092946758,1,,836.999999999999
TRN-TA-098-14,Pd_Ag_Cu_1_5_1,Pd_Ag_Cu_1_5_1_150,0.159735859108554,0.654023835027674,,,0.088219494055347,1,,850.499999999999
TRN-TA-098-14,Pd_Ag_Cu_1_5_1,Pd_Ag_Cu_1_5_1_150,0.158855701549809,0.652227684010687,,,0.088301863595652,1,,863.999999999999
TRN-TA-098-14,Pd_Ag_Cu_1_5_1,Pd_Ag_Cu_1_5_1_150,0.158740841900955,0.652229084465421,,,0.088206864937211,1,,877.499999999999
TRN-TA-098-14,Pd_Ag_Cu_1_5_1,Pd_Ag_Cu_1_5_1_150,0.15833206717334,0.652874578926173,,,0.088269704993325,1,,890.999999999999
TRN-TA-098-14,Pd_Ag_Cu_1_5_1,Pd_Ag_Cu_1_5_1_150,0.158086659810125,0.652387434182592,,,0.088324561619778,1,,904.499999999999
TRN-TA-098-14,Pd_Ag_Cu_1_5_1,Pd_Ag_Cu_1_5_1_150,0.157876020290402,0.652693824866133,,,0.088149712470753,1,,917.999999999999
TRN-TA-098-14,Pd_Ag_Cu_1_5_1,Pd_Ag_Cu_1_5_1_150,0.157325617010956,0.655156631921422,,,0.088665100703733,1,,931.499999999999
TRN-TA-098-14,Pd_Ag_Cu_1_5_1,Pd_Ag_Cu_1_5_1_150,0.157487938523405,0.656228625946162,,,0.088699288917477,1,,944.999999999999
TRN-TA-098-14,Pd_Ag_Cu_1_5_1,Pd_Ag_Cu_1_5_1_150,0.156368688933889,0.652667624703705,,,0.088318189114097,1,,958.499999999999
TRN-TA-098-14,Pd_Ag_Cu_1_5_1,Pd_Ag_Cu_1_5_1_150,0.15673255754771,0.656562648449902,,,0.088784731921194,1,,971.999999999999
TRN-TA-098-14,Pd_Ag_Cu_1_5_1,Pd_Ag_Cu_1_5_1_150,0.156372275628783,0.63650804578929,,,0.087175818036724,1,,985.499999999999
TRN-TA-098-14,Pd_Ag_Cu_1_5_1,Pd_Ag_Cu_1_5_1_150,0.156397376748232,0.654512107370753,,,0.088572074513937,1,,998.999999999999
TRN-TA-098-14,Pd_Ag_Cu_1_5_1,Pd_Ag_Cu_1_5_1_150,0.155822530908958,0.657885415098297,,,0.088854017779902,1,,1012.5
TRN-TA-098-14,Pd_Ag_Cu_1_5_1,Pd_Ag_Cu_1_5_1_150,0.155037837726561,0.654566670196912,,,0.088809412349289,1,,1026
TRN-TA-098-14,Pd_Ag_Cu_1_5_1,Pd_Ag_Cu_1_5_1_150,0.154621557999979,0.654384023613557,,,0.088830941179396,1,,1039.5
TRN-TA-098-14,Pd_Ag_Cu_1_5_1,Pd_Ag_Cu_1_5_1_150,0.154269018944626,0.655097421795653,,,0.089162523195491,1,,1053
TRN-TA-098-14,Pd_Ag_Cu_1_5_1,Pd_Ag_Cu_1_5_1_150,0.154250278516444,0.656511030129074,,,0.089146572793796,1,,1066.5
TRN-TA-098-14,Pd_Ag_Cu_1_5_1,Pd_Ag_Cu_1_5_1_150,0.153407085241814,0.653344689226003,,,0.088959320388445,1,,1080
TRN-TA-098-14,Pd_Ag_Cu_1_5_1,Pd_Ag_Cu_1_5_1_150,0.153125739892975,0.655710184555997,,,0.089235674815579,1,,1093.5
TRN-TA-098-14,Pd_Ag_Cu_1_5_1,Pd_Ag_Cu_1_5_1_150,0.153547625638839,0.654038543920084,,,0.089050497235471,1,,1107
TRN-TA-098-14,Pd_Ag_Cu_1_5_1,Pd_Ag_Cu_1_5_1_150,0.152911259121055,0.651319557415586,,,0.089002794185282,1,,1120.5
TRN-TA-098-14,Pd_Ag_Cu_1_5_1,Pd_Ag_Cu_1_5_1_150,0.153188424674595,0.65611670378423,,,0.0892560939692,1,,1134
TRN-TA-098-14,Pd_Ag_Cu_1_5_1,Pd_Ag_Cu_1_5_1_150,0.152185505003644,0.65658472368989,,,0.089467865445686,1,,1147.5
TRN-TA-098-14,Pd_Ag_Cu_1_5_1,Pd_Ag_Cu_1_5_1_150,0.152109828472065,0.654397057285405,,,0.089546403997579,1,,1161
TRN-TA-098-14,Pd_Ag_Cu_1_5_1,Pd_Ag_Cu_1_5_1_150,0.152154602340672,0.664163637158782,,,0.090392219374837,1,,1174.5
TRN-TA-098-14,Pd_Ag_Cu_1_5_1,Pd_Ag_Cu_1_5_1_150,0.150183322812741,0.65944832931684,,,0.090040804367387,1,,1188
TRN-TA-098-14,Pd_Ag_Cu_1_5_1,Pd_Ag_Cu_1_5_1_150,0.150876529242472,0.662280314059257,,,0.090142045841035,1,,1201.5
TRN-TA-098-14,Pd_Ag_Cu_1_5_1,Pd_Ag_Cu_1_5_1_150,0.149166902525796,0.656680575379797,,,0.08996222508979,1,,1215
TRN-TA-098-14,Pd_Ag_Cu_1_5_1,Pd_Ag_Cu_1_5_1_150,0.148860717077301,0.658406655920411,,,0.090145411186441,1,,1228.5
TRN-TA-098-14,Pd_Ag_Cu_1_5_1,Pd_Ag_Cu_1_5_1_150,0.150017244722687,0.656274384736127,,,0.089786384033014,1,,1242
TRN-TA-098-14,Pd_Ag_Cu_1_5_1,Pd_Ag_Cu_1_5_1_150,0.145761878366804,0.693633688927517,,,0.092710270523557,1,,1384.86
TRN-TA-098-14,Pd_Ag_Cu_1_5_1,Pd_Ag_Cu_1_5_1_150,0.141702916251621,0.661472582572265,,,0.091891635189963,1,,1398.36
TRN-TA-098-14,Pd_Ag_Cu_1_5_1,Pd_Ag_Cu_1_5_1_150,0.142128961100256,0.662924400533474,,,0.091662315796923,1,,1411.86
TRN-TA-098-14,Pd_Ag_Cu_1_5_1,Pd_Ag_Cu_1_5_1_150,0.142455752924019,0.669545719981993,,,0.092070541978055,1,,1425.36
TRN-TA-098-14,Pd_Ag_Cu_1_5_1,Pd_Ag_Cu_1_5_1_150,0.140601330218757,0.658654602074655,,,0.091486701897144,1,,1438.86
TRN-TA-098-14,Pd_Ag_Cu_1_5_1,Pd_Ag_Cu_1_5_1_150,0.140962285674152,0.66710002436716,,,0.092135185009266,1,,1452.36
TRN-TA-098-14,Pd_Ag_Cu_1_5_1,Pd_Ag_Cu_1_5_1_150,0.140471472828436,0.67296757707383,,,0.092279442649825,1,,1465.86
TRN-TA-098-14,Pd_Ag_Cu_1_5_1,Pd_Ag_Cu_1_5_1_150,0.140130083260999,0.673670671272513,,,0.092204181686803,1,,1479.36
TRN-TA-098-14,Pd_Ag_Cu_1_5_1,Pd_Ag_Cu_1_5_1_150,0.139502027868795,0.675604816116513,,,0.092733632985355,1,,1492.86
TRN-TA-098-14,Pd_Ag_Cu_1_5_1,Pd_Ag_Cu_1_5_1_150,0.137463551871331,0.665277005305554,,,0.091993051546524,1,,1506.36
TRN-TA-098-14,Pd_Ag_Cu_1_5_1,Pd_Ag_Cu_1_5_1_150,0.138200723318738,0.679888502425488,,,0.093362866716288,1,,1519.86
TRN-TA-098-14,Pd_Ag_Cu_1_5_1,Pd_Ag_Cu_1_5_1_150,0.138461222963733,0.666521992176927,,,0.09204707472213,1,,1533.36
TRN-TA-098-14,Pd_Ag_Cu_1_5_1,Pd_Ag_Cu_1_5_1_150,0.136434078106704,0.673287637004495,,,0.092735738013482,1,,1546.86
TRN-TA-098-14,Pd_Ag_Cu_1_5_1,Pd_Ag_Cu_1_5_1_150,0.137603887243201,0.671294535093933,,,0.092161757843896,1,,1560.36
TRN-TA-098-14,Pd_Ag_Cu_1_5_1,Pd_Ag_Cu_1_5_1_150,0.137283729292425,0.678452476017224,,,0.092985997912284,1,,1573.86
TRN-TA-098-14,Pd_Ag_Cu_1_5_1,Pd_Ag_Cu_1_5_1_150,0.134381584550968,0.667469941175778,,,0.092447213769196,1,,1587.36
TRN-TA-098-14,Pd_Ag_Cu_1_5_1,Pd_Ag_Cu_1_5_1_150,0.134354340267259,0.675975488240896,,,0.093216567776816,1,,1600.86
TRN-TA-098-14,Pd_Ag_Cu_1_5_1,Pd_Ag_Cu_1_5_1_150,0.134739493655507,0.67571454647262,,,0.093027084274794,1,,1614.36
TRN-TA-098-14,Pd_Ag_Cu_1_5_1,Pd_Ag_Cu_1_5_1_150,0.13291876708081,0.673391171201977,,,0.093251718507564,1,,1627.86
TRN-TA-098-14,Pd_Ag_Cu_1_5_1,Pd_Ag_Cu_1_5_1_150,0.13398740752244,0.674923447724715,,,0.089813897474033,1,,1641.36
TRN-TA-098-14,Pd_Ag_Cu_1_5_1,Pd_Ag_Cu_1_5_1_150,0.133656838448658,0.67649560156947,,,0.093043000033348,1,,1654.86
TRN-TA-098-14,Pd_Ag_Cu_1_5_1,Pd_Ag_Cu_1_5_1_150,0.134807798075222,0.680065314458805,,,0.08982518435969,1,,1668.36
TRN-TA-098-14,Pd_Ag_Cu_1_5_1,Pd_Ag_Cu_1_5_1_150,0.133848763614949,0.679609179809586,,,0.093279648657672,1,,1681.86
TRN-TA-098-14,Pd_Ag_Cu_1_5_1,Pd_Ag_Cu_1_5_1_150,0.133049964391349,0.676956888796916,,,0.093161341523428,1,,1695.36
TRN-TA-098-14,Pd_Ag_Cu_1_5_1,Pd_Ag_Cu_1_5_1_150,0.133385986781934,0.679822221157953,,,0.089835037478452,1,,1708.86
TRN-TA-098-14,Pd_Ag_Cu_1_5_1,Pd_Ag_Cu_1_5_1_150,0.132560836914759,0.686185816342813,,,0.090436972683537,1,,1722.36
TRN-TA-098-14,Pd_Ag_Cu_1_5_1,Pd_Ag_Cu_1_5_1_150,0.132859412204218,0.682283435466023,,,0.089855060901428,1,,1735.86
TRN-TA-098-14,Pd_Ag_Cu_1_5_1,Pd_Ag_Cu_1_5_1_150,0.13229063178817,0.684674409033751,,,0.090164229260112,1,,1749.36
TRN-TA-098-14,Pd_Ag_Cu_1_5_1,Pd_Ag_Cu_1_5_1_150,0.132281797072839,0.682418579813335,,,0.089917719322757,1,,1762.86
TRN-TA-098-14,Pd_Ag_Cu_1_5_1,Pd_Ag_Cu_1_5_1_150,0.132589653983424,0.688840088828832,,,0.09030439323952,1,,1776.36
TRN-TA-098-14,Pd_Ag_Cu_1_5_1,Pd_Ag_Cu_1_5_1_150,0.131306137100207,0.688481184233019,,,0.09026730655828,1,,1789.86
TRN-TA-098-14,Pd_Ag_Cu_1_5_1,Pd_Ag_Cu_1_5_1_150,0.130526208109632,0.687348618695863,,,0.090485189140619,1,,1803.36
TRN-TA-098-14,Pd_Ag_Cu_1_5_1,Pd_Ag_Cu_1_5_1_150,0.130932840962761,0.682159377519491,,,0.089990896216471,1,,1816.86
TRN-TA-098-14,Pd_Ag_Cu_1_5_1,Pd_Ag_Cu_1_5_1_150,0.130599763233119,0.688340281048631,,,0.094005902937624,1,,1830.36
TRN-TA-098-14,Pd_Ag_Cu_1_5_1,Pd_Ag_Cu_1_5_1_150,0.130437358638345,0.682561814199693,,,0.093553699154768,1,,1843.86
TRN-TA-098-14,Pd_Ag_Cu_1_5_1,Pd_Ag_Cu_1_5_1_150,0.129870595452478,0.68534264635447,,,0.090186138921681,1,,1857.36
TRN-TA-098-14,Pd_Ag_Cu_1_5_1,Pd_Ag_Cu_1_5_1_150,0.129445529213461,0.681035454575788,,,0.090036048279941,1,,1870.86
TRN-TA-098-14,Pd_Ag_Cu_1_5_1,Pd_Ag_Cu_1_5_1_150,0.129516156408315,0.687541542912227,,,0.090335452630789,1,,1884.36
TRN-TA-098-14,Pd_Ag_Cu_1_5_1,Pd_Ag_Cu_1_5_1_150,0.128550657070397,0.685145205982284,,,0.090316843724078,1,,1897.86
TRN-TA-098-14,Pd_Ag_Cu_1_5_1,Pd_Ag_Cu_1_5_1_150,0.128811607401928,0.687733609732941,,,0.090372204005626,1,,1911.36
TRN-TA-098-14,Pd_Ag_Cu_1_5_1,Pd_Ag_Cu_1_5_1_150,0.128257047469823,0.686635852481487,,,0.090194642225075,1,,1924.86
TRN-TA-098-14,Pd_Ag_Cu_1_5_1,Pd_Ag_Cu_1_5_1_150,0.127449410534762,0.683825156214069,,,0.090204881298011,1,,1938.36
TRN-TA-098-14,Pd_Ag_Cu_1_5_1,Pd_Ag_Cu_1_5_1_150,0.127351826322206,0.68741938427084,,,0.090403276906087,1,,1951.86
TRN-TA-098-14,Pd_Ag_Cu_1_5_1,Pd_Ag_Cu_1_5_1_150,0.126866562620731,0.686984196117925,,,0.09027112525092,1,,1965.36
TRN-TA-098-14,Pd_Ag_Cu_1_5_1,Pd_Ag_Cu_1_5_1_150,0.127385484329382,0.687890064980928,,,0.090068103615982,1,,1978.86
TRN-TA-098-14,Pd_Ag_Cu_1_5_1,Pd_Ag_Cu_1_5_1_150,0.126707456914906,0.689359758227443,,,0.090384054794358,1,,1992.36
TRN-TA-098-14,Pd_Ag_Cu_1_5_1,Pd_Ag_Cu_1_5_1_150,0.126610870777271,0.686041624930588,,,0.08978583378108,1,,2005.86
TRN-TA-098-14,Pd_Ag_Cu_1_5_1,Pd_Ag_Cu_1_5_1_150,0.127576023920187,0.696017583843337,,,0.090101000942884,1,,2019.36
TRN-TA-098-14,Pd_Ag_Cu_1_5_1,Pd_Ag_Cu_1_5_1_150,0.125675919804085,0.688429598993544,,,0.089972353018992,1,,2032.86
TRN-TA-098-14,Pd_Ag_Cu_1_5_1,Pd_Ag_Cu_1_5_1_150,0.125697468693298,0.68871210886635,,,0.089828581787328,1,,2046.36
TRN-TA-098-14,Pd_Ag_Cu_1_5_1,Pd_Ag_Cu_1_5_1_150,0.1247520116772,0.687702866448737,,,0.089951832074173,1,,2059.86
TRN-TA-098-14,Pd_Ag_Cu_1_5_1,Pd_Ag_Cu_1_5_1_150,0.124787841866895,0.689311230663722,,,0.08980776700306,1,,2073.36
TRN-TA-098-14,Pd_Ag_Cu_1_5_1,Pd_Ag_Cu_1_5_1_150,0.12409351255284,0.687546523953447,,,0.089801745553653,1,,2086.86
TRN-TA-098-14,Pd_Ag_Cu_1_5_1,Pd_Ag_Cu_1_5_1_150,0.124315234896445,0.691690478418398,,,0.089811094687205,1,,2100.36
TRN-TA-098-14,Pd_Ag_Cu_1_5_1,Pd_Ag_Cu_1_5_1_150,0.123554659947097,0.689324446600577,,,0.089724612373318,1,,2113.86000000001
TRN-TA-098-14,Pd_Ag_Cu_1_5_1,Pd_Ag_Cu_1_5_1_150,0.123341915585836,0.690434744631203,,,0.089732154517655,1,,2127.36000000001
TRN-TA-098-14,Pd_Ag_Cu_1_5_1,Pd_Ag_Cu_1_5_1_150,0.124259381499057,0.695225019177568,,,0.089841326100917,1,,2140.86000000001
TRN-TA-098-14,Pd_Ag_Cu_1_5_1,Pd_Ag_Cu_1_5_1_150,0.123530262464054,0.688994368519193,,,0.089326981183467,1,,2154.36000000001
TRN-TA-098-14,Pd_Ag_Cu_1_5_1,Pd_Ag_Cu_1_5_1_150,0.123873684839954,0.696444786674848,,,0.088838381630475,1,,2168.64000000001
TRN-TA-098-14,Pd_Ag_Cu_1_5_1,Pd_Ag_Cu_1_5_1_150,0.123599430307484,0.693520588432901,,,0.089364171865176,1,,2182.14000000001
TRN-TA-098-14,Pd_Ag_Cu_1_5_1,Pd_Ag_Cu_1_5_1_150,0.122897792982326,0.692241604889433,,,0.089183093991011,1,,2195.64000000001
TRN-TA-098-14,Pd_Ag_Cu_1_5_1,Pd_Ag_Cu_1_5_1_150,0.122884623443749,0.697057690190689,,,0.089484988802264,1,,2209.14000000001
TRN-TA-098-14,Pd_Ag_Cu_1_5_1,Pd_Ag_Cu_1_5_1_150,0.122128682161719,0.694783922194209,,,0.089284220069078,1,,2222.64000000001
TRN-TA-098-14,Pd_Ag_Cu_1_5_1,Pd_Ag_Cu_1_5_1_150,0.121867558597901,0.697678845856345,,,0.089391932641344,1,,2236.14000000001
TRN-TA-098-14,Pd_Ag_Cu_1_5_1,Pd_Ag_Cu_1_5_1_150,0.121136945419956,0.695173526125095,,,0.089214911096717,1,,2249.64000000001
TRN-TA-098-14,Pd_Ag_Cu_1_5_1,Pd_Ag_Cu_1_5_1_150,0.119832988736106,0.688070132637524,,,0.088866350576782,1,,2263.14000000001
TRN-TA-098-14,Pd_Ag_Cu_1_5_1,Pd_Ag_Cu_1_5_1_150,0.120081420387919,0.698748836174137,,,0.089357622953286,1,,2276.64000000001
TRN-TA-098-14,Pd_Ag_Cu_1_5_1,Pd_Ag_Cu_1_5_1_150,0.119525768043315,0.703039417286863,,,0.089688190901242,1,,2290.14000000001
TRN-TA-098-14,Pd_Ag_Cu_1_5_1,Pd_Ag_Cu_1_5_1_150,0.118417676736024,0.697673799895154,,,0.089276305333121,1,,2303.64000000001
TRN-TA-098-14,Pd_Ag_Cu_1_5_1,Pd_Ag_Cu_1_5_1_150,0.117734094585666,0.691934217650022,,,0.088818924678894,1,,2317.14000000001
TRN-TA-098-14,Pd_Ag_Cu_1_5_1,Pd_Ag_Cu_1_5_1_150,0.116850015237809,0.694702016800467,,,0.089071224990855,1,,2330.64000000001
TRN-TA-098-14,Pd_Ag_Cu_1_5_1,Pd_Ag_Cu_1_5_1_150,0.116630435274928,0.69551670095628,,,0.089003179746401,1,,2344.14000000001
TRN-TA-098-14,Pd_Ag_Cu_1_5_1,Pd_Ag_Cu_1_5_1_150,0.115822529274614,0.69769939123364,,,0.08917630320615,1,,2357.64000000001
TRN-TA-098-14,Pd_Ag_Cu_1_5_1,Pd_Ag_Cu_1_5_1_150,0.115859608625191,0.702480448653104,,,0.089290777230696,1,,2371.14000000001
TRN-TA-098-14,Pd_Ag_Cu_1_5_1,Pd_Ag_Cu_1_5_1_150,0.115043945022054,0.702681981858997,,,0.089127421909205,1,,2384.64000000001
TRN-TA-098-14,Pd_Ag_Cu_1_5_1,Pd_Ag_Cu_1_5_1_150,0.114143343722573,0.701031457073016,,,0.08892824783704,1,,2398.14000000001
TRN-TA-098-14,Pd_Ag_Cu_1_5_1,Pd_Ag_Cu_1_5_1_150,0.11312841321832,0.701760541793423,,,0.088900571304734,1,,2411.64000000001
TRN-TA-098-14,Pd_Ag_Cu_1_5_1,Pd_Ag_Cu_1_5_1_150,0.112632497916865,0.703104131806865,,,0.088941236579153,1,,2425.14000000001
TRN-TA-098-14,Pd_Ag_Cu_1_5_1,Pd_Ag_Cu_1_5_1_150,0.112323694548333,0.70491173747049,,,0.088822309836414,1,,2438.64000000001
TRN-TA-098-14,Pd_Ag_Cu_1_5_1,Pd_Ag_Cu_1_5_1_150,0.110699323515455,0.702127770047816,,,0.088580797856867,1,,2452.14000000001
TRN-TA-098-14,Pd_Ag_Cu_1_5_1,Pd_Ag_Cu_1_5_1_150,0.110596887703575,0.705236229593915,,,0.088534977950921,1,,2465.64000000001
TRN-TA-098-14,Pd_Ag_Cu_1_5_1,Pd_Ag_Cu_1_5_1_150,0.110429591843511,0.707700617956562,,,0.088390386954326,1,,2479.14000000001
TRN-TA-098-14,Pd_Ag_Cu_1_5_1,Pd_Ag_Cu_1_5_1_150,0.109761769722121,0.710475201597854,,,0.088441401435305,1,,2492.64000000001
TRN-TA-098-14,Pd_Ag_Cu_1_5_1,Pd_Ag_Cu_1_5_1_150,0.108511438974079,0.70504128177743,,,0.08788392592944,1,,2506.14000000001
TRN-TA-098-14,Pd_Ag_Cu_1_5_1,Pd_Ag_Cu_1_5_1_150,0.107440814284168,0.706552659883878,,,0.087887635961802,1,,2519.64000000001
TRN-TA-098-14,Pd_Ag_Cu_1_5_1,Pd_Ag_Cu_1_5_1_150,0.106655980150419,0.709216264156117,,,0.087913079774727,1,,2533.14000000001
TRN-TA-098-14,Pd_Ag_Cu_1_5_1,Pd_Ag_Cu_1_5_1_150,0.107196302002326,0.71589898918104,,,0.088313214605833,0.994198792955898,,2546.64000000001
TRN-TA-098-14,Pd_Ag_Cu_1_5_1,Pd_Ag_Cu_1_5_1_150,0.106365826106596,0.715940536210673,,,0.088007154765935,0.993711142522688,,2560.14000000001
TRN-TA-098-14,Pd_Ag_Cu_1_5_1,Pd_Ag_Cu_1_5_1_150,0.105051422524355,0.711593672210274,,,0.087744165484419,0.993112188471273,,2573.64000000001
TRN-TA-098-14,Pd_Ag_Cu_1_5_1,Pd_Ag_Cu_1_5_1_150,0.1042844014484,0.703711539985338,,,0.086857164424463,0.992502164350214,,2587.14000000001
TRN-TA-098-14,Pd_Ag_Cu_1_5_1,Pd_Ag_Cu_1_5_1_150,0.103692907833004,0.712618364041643,,,0.087526542948014,0.991744291794884,,2600.64000000001
TRN-TA-098-14,Pd_Ag_Cu_1_5_1,Pd_Ag_Cu_1_5_1_150,0.102440284040918,0.708392188372489,,,0.086998675733529,0.991048982866435,,2614.14000000001
TRN-TA-098-14,Pd_Ag_Cu_1_5_1,Pd_Ag_Cu_1_5_1_150,0.102008105600181,0.714201263832507,,,0.087123918426509,0.990214991188893,,2627.64000000001
TRN-TA-098-14,Pd_Ag_Cu_1_5_1,Pd_Ag_Cu_1_5_1_150,0.101055617787518,0.711325396754716,,,0.086744231151411,0.989374131664858,,2641.14000000001
TRN-TA-098-14,Pd_Ag_Cu_1_5_1,Pd_Ag_Cu_1_5_1_150,0.100192455314767,0.712235593255801,,,0.086691751281567,0.988393287229212,,2654.64000000001
TRN-TA-098-14,Pd_Ag_Cu_1_5_1,Pd_Ag_Cu_1_5_1_150,0.099059203092171,0.709871340135022,,,0.086484465729509,0.987482040247201,,2668.14000000001
TRN-TA-098-14,Pd_Ag_Cu_1_5_1,Pd_Ag_Cu_1_5_1_150,0.098549212379106,0.714040317965346,,,0.086422886023947,0.98642016869129,,2681.64000000001
TRN-TA-098-14,Pd_Ag_Cu_1_5_1,Pd_Ag_Cu_1_5_1_150,0.096806369477727,0.718176212001729,,,0.086799009841389,0.984876101541094,,2695.14000000001
TRN-TA-098-14,Pd_Ag_Cu_1_5_1,Pd_Ag_Cu_1_5_1_150,0.095336338820496,0.715930280140537,,,0.086710129630864,0.983308123267338,,2708.64000000001
TRN-TA-098-14,Pd_Ag_Cu_1_5_1,Pd_Ag_Cu_1_5_1_150,0.094114949671489,0.716096190004044,,,0.086895665874295,0.981637176253523,,2722.14000000001
TRN-TA-098-14,Pd_Ag_Cu_1_5_1,Pd_Ag_Cu_1_5_1_150,0.093101972419117,0.716427746517282,,,0.086602833072462,0.980012098157244,,2735.64000000001
TRN-TA-098-14,Pd_Ag_Cu_1_5_1,Pd_Ag_Cu_1_5_1_150,0.091915593354018,0.713123298951383,,,0.08641809473002,0.978342567403678,,2749.14000000001
TRN-TA-098-14,Pd_Ag_Cu_1_5_1,Pd_Ag_Cu_1_5_1_150,0.091325848978356,0.716805101291262,,,0.086648970386084,0.976479511988566,,2762.64000000001
TRN-TA-098-14,Pd_Ag_Cu_1_5_1,Pd_Ag_Cu_1_5_1_150,0.090520640345207,0.718293784255703,,,0.086441792040943,0.974532514847273,,2776.14000000001
TRN-TA-098-14,Pd_Ag_Cu_1_5_1,Pd_Ag_Cu_1_5_1_150,0.08971364890996,0.72550998841653,,,0.087022926825265,0.972248870228776,,2789.64000000001
TRN-TA-098-14,Pd_Ag_Cu_1_5_1,Pd_Ag_Cu_1_5_1_150,0.088246598029759,0.716727797460049,,,0.086387485611475,0.970183172349114,,2803.14000000001
TRN-TA-098-14,Pd_Ag_Cu_1_5_1,Pd_Ag_Cu_1_5_1_150,0.088040500078113,0.721742508531259,,,0.086571453379554,0.968013809010441,,2816.64000000001
TRN-TA-098-14,Pd_Ag_Cu_1_5_1,Pd_Ag_Cu_1_5_1_150,0.087230280883701,0.720899711972009,,,0.0864413728435,0.965760664845745,,2830.14000000001
TRN-TA-098-14,Pd_Ag_Cu_1_5_1,Pd_Ag_Cu_1_5_1_150,0.086437055622591,0.723597113671351,,,0.086468292729403,0.963073376653626,,2843.64000000001
TRN-TA-098-14,Pd_Ag_Cu_1_5_1,Pd_Ag_Cu_1_5_1_150,0.085784949247408,0.728396684899051,,,0.086566295174729,0.960308027149521,,2857.14000000001
TRN-TA-098-14,Pd_Ag_Cu_1_5_1,Pd_Ag_Cu_1_5_1_150,0.084912542895586,0.724255216687692,,,0.086247660997704,0.957314460499121,,2870.64000000001
TRN-TA-098-14,Pd_Ag_Cu_1_5_1,Pd_Ag_Cu_1_5_1_150,0.083753622064074,0.720675675487481,,,0.085943276937802,0.954205516024614,,2884.14000000001
TRN-TA-098-14,Pd_Ag_Cu_1_5_1,Pd_Ag_Cu_1_5_1_150,0.08346183114361,0.727564664686073,,,0.086285651537235,0.950664700618468,,2897.64000000001
TRN-TA-098-14,Pd_Ag_Cu_1_5_1,Pd_Ag_Cu_1_5_1_150,0.082317463959106,0.722205972195846,,,0.085951722511447,0.94703290101983,,2911.14000000001
TRN-TA-098-14,Pd_Ag_Cu_1_5_1,Pd_Ag_Cu_1_5_1_150,0.08179381742654,0.731648674297548,,,0.086165336441057,0.942269129528933,,2926.56000000001
TRN-TA-098-14,Pd_Ag_Cu_1_5_1,Pd_Ag_Cu_1_5_1_150,0.080678782203531,0.716880663017045,,,0.08536307209875,0.938637310008465,,2940.06000000001
TRN-TA-098-14,Pd_Ag_Cu_1_5_1,Pd_Ag_Cu_1_5_1_150,0.07962681258833,0.724857201338396,,,0.085915111597474,0.932913227414669,,2953.56000000001
TRN-TA-098-14,Pd_Ag_Cu_1_5_1,Pd_Ag_Cu_1_5_1_150,0.078879842769955,0.722427537731497,,,0.085832333098194,0.927522021025705,,2967.06000000001
TRN-TA-098-14,Pd_Ag_Cu_1_5_1,Pd_Ag_Cu_1_5_1_150,0.078115851501172,0.721074293266387,,,0.085960571951493,0.92166545196915,,2980.56000000001
TRN-TA-098-14,Pd_Ag_Cu_1_5_1,Pd_Ag_Cu_1_5_1_150,0.07722676062212,0.719340417864422,,,0.085824808373046,0.914976567501769,,2994.06000000001
TRN-TA-098-14,Pd_Ag_Cu_1_5_1,Pd_Ag_Cu_1_5_1_150,0.076458225656096,0.718166262193458,,,0.086008735053754,0.907387695933381,,3007.56000000001
TRN-TA-098-14,Pd_Ag_Cu_1_5_1,Pd_Ag_Cu_1_5_1_150,0.075553361169474,0.713446907644409,,,0.085700741414637,0.89907844009938,,3021.06000000001
TRN-TA-098-14,Pd_Ag_Cu_1_5_1,Pd_Ag_Cu_1_5_1_150,0.075053683745824,0.716571361638199,,,0.085954129361741,0.889617326529432,,3034.56000000001
TRN-TA-098-14,Pd_Ag_Cu_1_5_1,Pd_Ag_Cu_1_5_1_150,0.07357229018843,0.699542925861512,,,0.085119285012493,0.879797040388811,,3048.06000000001
TRN-TA-098-14,Pd_Ag_Cu_1_5_1,Pd_Ag_Cu_1_5_1_150,0.073557293382595,0.712243278654518,,,0.085895210871306,0.866255771704289,,3061.56000000001
TRN-TA-098-14,Pd_Ag_Cu_1_5_1,Pd_Ag_Cu_1_5_1_150,0.072766338210591,0.707296303046431,,,0.086013529535196,0.850486207908224,,3075.06000000001
TRN-TA-098-14,Pd_Ag_Cu_1_5_1,Pd_Ag_Cu_1_5_1_150,0.072025303220846,0.694171203628466,,,0.085155041432265,0.833052190094033,,3088.56000000001
TRN-TA-098-14,Pd_Ag_Cu_1_5_1,Pd_Ag_Cu_1_5_1_150,0.071678786795067,0.690973836634117,,,0.085202294352166,0.807114839861997,,3102.06000000001
TRN-TA-098-14,Pd_Ag_Cu_1_5_1,Pd_Ag_Cu_1_5_1_150,0.071393054925048,0.683411621926223,,,0.084810594140472,0.766841565414011,,3115.56000000001
TRN-TA-098-14,Pd_Ag_Cu_1_5_1,Pd_Ag_Cu_1_5_1_150,0.075087777891548,0.691637515614575,,,0.084652793720783,0.675076150256525,,3129.06000000001
TRN-TA-098-14,Pd_Ag_Cu_1_5_1,Pd_Ag_Cu_1_5_1_150,0.096369261548092,0.587838924391446,,,0.075610732832729,0.423843348306944,,3142.56000000001
TRN-TA-098-14,Pd_Ag_Cu_1_5_1,Pd_Ag_Cu_1_5_1_150,0.134188796186736,0.530742737427833,,,0.042613749936669,0.265749440501672,,3156.06000000001
TRN-TA-098-14,Pd_Ag_Cu_1_5_1,Pd_Ag_Cu_1_5_1_150,0.151336879743178,0.522194170202437,,,0.045495610900536,0.226356252155856,,3169.56000000001
TRN-TA-098-14,Pd_Ag_Cu_1_5_1,Pd_Ag_Cu_1_5_1_150,0.159001340826983,0.489300518424957,,,0.046114297070889,0.213957453286471,,3183.06000000001
TRN-TA-098-14,Pd_Ag_Cu_1_5_1,Pd_Ag_Cu_1_5_1_150,0.168152140823823,0.508585675957422,,,0.047519527138994,0.201932499631405,,3196.56000000001
TRN-TA-098-14,Pd_Ag_Cu_1_5_1,Pd_Ag_Cu_1_5_1_150,0.175584509964292,0.505569608604192,,,0.048242458913256,0.193632080761491,,3210.06000000001
TRN-TA-098-14,Pd_Ag_Cu_1_5_1,Pd_Ag_Cu_1_5_1_150,0.177777283213467,0.480828305995307,,,0.047962211091733,0.188124293613297,,3223.56000000001
TRN-TA-098-14,Pd_Ag_Cu_1_5_1,Pd_Ag_Cu_1_5_1_150,0.184969004093976,0.495423185334091,,,0.04871429880669,0.180244058269077,,3237.06000000001
TRN-TA-098-14,Pd_Ag_Cu_1_5_1,Pd_Ag_Cu_1_5_1_150,0.186443997062768,0.46582097291217,,,0.048327203182918,0.176753528919084,,3250.56000000001
TRN-TA-098-14,Pd_Ag_Cu_1_5_1,Pd_Ag_Cu_1_5_1_150,0.192207555629144,0.470420138162952,,,0.049116548478121,0.17131472073239,,3264.06000000001
TRN-TA-098-14,Pd_Ag_Cu_1_5_1,Pd_Ag_Cu_1_5_1_150,0.194673169707144,0.46210108800016,,,0.048787581614241,0.168267735811382,,3277.56000000001
TRN-TA-098-14,Pd_Ag_Cu_1_5_1_re1,Pd_Ag_Cu_1_5_1_150_re1,0.240734749972409,0.761604149201226,0,0.004516665687156,0.097410088421307,1,,13.5
TRN-TA-098-14,Pd_Ag_Cu_1_5_1_re1,Pd_Ag_Cu_1_5_1_150_re1,0.179600710784892,0.700237070641554,0,0.004889531626331,0.092675974426535,1,,27
TRN-TA-098-14,Pd_Ag_Cu_1_5_1_re1,Pd_Ag_Cu_1_5_1_150_re1,0.152515894564317,0.683142410571248,0,0.004669074017211,0.092297862988958,1,,40.5
TRN-TA-098-14,Pd_Ag_Cu_1_5_1_re1,Pd_Ag_Cu_1_5_1_150_re1,0.140419029127835,0.672494684271834,0,0.004464208722311,0.092339647053556,1,,54
TRN-TA-098-14,Pd_Ag_Cu_1_5_1_re1,Pd_Ag_Cu_1_5_1_150_re1,0.134888710288285,0.676543941388622,0,0.004492995211364,0.092933787290495,1,,67.5
TRN-TA-098-14,Pd_Ag_Cu_1_5_1_re1,Pd_Ag_Cu_1_5_1_150_re1,0.132324482127943,0.687896738394411,0,0.004454304150565,0.093682756116701,1,,81
TRN-TA-098-14,Pd_Ag_Cu_1_5_1_re1,Pd_Ag_Cu_1_5_1_150_re1,0.128868892223049,0.675812912303276,0,0.004461921730138,0.093128633780766,1,,94.5
TRN-TA-098-14,Pd_Ag_Cu_1_5_1_re1,Pd_Ag_Cu_1_5_1_150_re1,0.12736916843941,0.681448086640242,0,0.004480283547958,0.093578220064376,1,,108
TRN-TA-098-14,Pd_Ag_Cu_1_5_1_re1,Pd_Ag_Cu_1_5_1_150_re1,0.126058178383154,0.67911686093831,0,0.00448489764018,0.093676072421588,1,,121.5
TRN-TA-098-14,Pd_Ag_Cu_1_5_1_re1,Pd_Ag_Cu_1_5_1_150_re1,0.125180321600742,0.675106349696126,0,0.004534718160801,0.093234794640554,1,,135
TRN-TA-098-14,Pd_Ag_Cu_1_5_1_re1,Pd_Ag_Cu_1_5_1_150_re1,0.12503040295209,0.678210513558542,0,0.004572512987454,0.09358962633058,1,,148.5
TRN-TA-098-14,Pd_Ag_Cu_1_5_1_re1,Pd_Ag_Cu_1_5_1_150_re1,0.125028080909135,0.679330869347191,0,0.004512716208539,0.093623570662338,1,,162
TRN-TA-098-14,Pd_Ag_Cu_1_5_1_re1,Pd_Ag_Cu_1_5_1_150_re1,0.124495033252431,0.681712578005669,0,0.004533554815967,0.093733702903095,1,,175.5
TRN-TA-098-14,Pd_Ag_Cu_1_5_1_re1,Pd_Ag_Cu_1_5_1_150_re1,0.124081216982351,0.679229435642915,0,0.004583035262291,0.093811323563773,1,,189
TRN-TA-098-14,Pd_Ag_Cu_1_5_1_re1,Pd_Ag_Cu_1_5_1_150_re1,0.123845407660144,0.681314032223909,0,0.004593606076581,0.093899081467634,1,,202.5
TRN-TA-098-14,Pd_Ag_Cu_1_5_1_re1,Pd_Ag_Cu_1_5_1_150_re1,0.123742969265034,0.681281174558391,0,0.004599499848812,0.093761989926685,1,,216
TRN-TA-098-14,Pd_Ag_Cu_1_5_1_re1,Pd_Ag_Cu_1_5_1_150_re1,0.12396807391149,0.681081699523656,0,0.004623939239125,0.093786856354555,1,,229.5
TRN-TA-098-14,Pd_Ag_Cu_1_5_1_re1,Pd_Ag_Cu_1_5_1_150_re1,0.12378556689404,0.678003171044988,0,0.004586553457221,0.093759139384528,1,,243
TRN-TA-098-14,Pd_Ag_Cu_1_5_1_re1,Pd_Ag_Cu_1_5_1_150_re1,0.123430213745298,0.677244686879027,0,0.004583035262291,0.093558896993999,1,,256.5
TRN-TA-098-14,Pd_Ag_Cu_1_5_1_re1,Pd_Ag_Cu_1_5_1_150_re1,0.123989498302705,0.677152423247533,0,0.004574847093114,0.093588413781981,1,,270
TRN-TA-098-14,Pd_Ag_Cu_1_5_1_re1,Pd_Ag_Cu_1_5_1_150_re1,0.124243185255754,0.678865006666985,0,0.004713339996722,0.093715400906078,1,,283.5
TRN-TA-098-14,Pd_Ag_Cu_1_5_1_re1,Pd_Ag_Cu_1_5_1_150_re1,0.124323545897233,0.677756866532473,0,0.004625115813995,0.093626421074626,1,,297
TRN-TA-098-14,Pd_Ag_Cu_1_5_1_re1,Pd_Ag_Cu_1_5_1_150_re1,0.124219521613357,0.677847818608204,0,0.004684717821907,0.093598083897988,1,,310.5
TRN-TA-098-14,Pd_Ag_Cu_1_5_1_re1,Pd_Ag_Cu_1_5_1_150_re1,0.123880664640693,0.675383563482021,0,0.004654726030474,0.093581109232581,1,,324
TRN-TA-098-14,Pd_Ag_Cu_1_5_1_re1,Pd_Ag_Cu_1_5_1_150_re1,0.123660859169115,0.678999453598277,0,0.004644022776955,0.09381860679894,1,,337.5
TRN-TA-098-14,Pd_Ag_Cu_1_5_1_re1,Pd_Ag_Cu_1_5_1_150_re1,0.123698274887682,0.68504588054855,0,0.004679893189753,0.09441404645722,1,,351
TRN-TA-098-14,Pd_Ag_Cu_1_5_1_re1,Pd_Ag_Cu_1_5_1_150_re1,0.123256078725582,0.6812478233538,0,0.004660693627949,0.094286191793917,1,,364.5
TRN-TA-098-14,Pd_Ag_Cu_1_5_1_re1,Pd_Ag_Cu_1_5_1_150_re1,0.123033060093151,0.680883138816991,0,0.004654726030474,0.094360680316654,1,,378
TRN-TA-098-14,Pd_Ag_Cu_1_5_1_re1,Pd_Ag_Cu_1_5_1_150_re1,0.122518323139946,0.683047334612513,0,0.004679893189753,0.094547509742297,1,,391.5
TRN-TA-098-14,Pd_Ag_Cu_1_5_1_re1,Pd_Ag_Cu_1_5_1_150_re1,0.12277587159989,0.682382526204925,0,0.004684717821907,0.094647753348443,1,,405
TRN-TA-098-14,Pd_Ag_Cu_1_5_1_re1,Pd_Ag_Cu_1_5_1_150_re1,0.122586321892594,0.679362614499829,0,0.004645209595962,0.094687117343063,1,,418.5
TRN-TA-098-14,Pd_Ag_Cu_1_5_1_re1,Pd_Ag_Cu_1_5_1_150_re1,0.123428231924239,0.680486155475043,0,0.004714545762901,0.094527231778202,1,,432
TRN-TA-098-14,Pd_Ag_Cu_1_5_1_re1,Pd_Ag_Cu_1_5_1_150_re1,0.1240093781163,0.676971714002662,0,0.004657111234691,0.093962247849613,1,,445.5
TRN-TA-098-14,Pd_Ag_Cu_1_5_1_re1,Pd_Ag_Cu_1_5_1_150_re1,0.124006330119379,0.675135366318253,0,0.004679827167898,0.094024697222257,1,,459
TRN-TA-098-14,Pd_Ag_Cu_1_5_1_re1,Pd_Ag_Cu_1_5_1_150_re1,0.124312891678765,0.676423621251475,0,0.004706118331762,0.09410468923173,1,,472.5
TRN-TA-098-14,Pd_Ag_Cu_1_5_1_re1,Pd_Ag_Cu_1_5_1_150_re1,0.124773181661614,0.680323458430376,0,0.004696523798976,0.09423500057159,1,,486
TRN-TA-098-14,Pd_Ag_Cu_1_5_1_re1,Pd_Ag_Cu_1_5_1_150_re1,0.125270496929939,0.683848194493528,0,0.004747336266662,0.094410287241492,1,,499.5
TRN-TA-098-14,Pd_Ag_Cu_1_5_1_re1,Pd_Ag_Cu_1_5_1_150_re1,0.125223132517417,0.682964929466836,0,0.004706118331762,0.09436311404185,1,,513
TRN-TA-098-14,Pd_Ag_Cu_1_5_1_re1,Pd_Ag_Cu_1_5_1_150_re1,0.124987884519111,0.676905420105527,0,0.004657111234691,0.094033014618676,1,,526.5
TRN-TA-098-14,Pd_Ag_Cu_1_5_1_re1,Pd_Ag_Cu_1_5_1_150_re1,0.124922650758924,0.681280817316451,0,0.004721793335173,0.094356272233998,1,,540
TRN-TA-098-14,Pd_Ag_Cu_1_5_1_re1,Pd_Ag_Cu_1_5_1_150_re1,0.12492752119052,0.680089493440599,0,0.004712134847144,0.094358179281399,1,,553.5
TRN-TA-098-14,Pd_Ag_Cu_1_5_1_re1,Pd_Ag_Cu_1_5_1_150_re1,0.125096479934783,0.680191143075574,0,0.004698918762667,0.094415863942126,1,,567
TRN-TA-098-14,Pd_Ag_Cu_1_5_1_re1,Pd_Ag_Cu_1_5_1_150_re1,0.125325205384529,0.682268351476375,0,0.004695327232403,0.094537279562398,1,,580.5
TRN-TA-098-14,Pd_Ag_Cu_1_5_1_re1,Pd_Ag_Cu_1_5_1_150_re1,0.124818921639112,0.674981888816406,0,0.004735516761815,0.094185219988244,1,,594
TRN-TA-098-14,Pd_Ag_Cu_1_5_1_re1,Pd_Ag_Cu_1_5_1_150_re1,0.125142663695482,0.679385047160796,0,0.004740010130448,0.094529766511006,1,,607.499999999999
TRN-TA-098-14,Pd_Ag_Cu_1_5_1_re1,Pd_Ag_Cu_1_5_1_150_re1,0.12473353453721,0.677907875994485,0,0.004709726395906,0.094440957039008,1,,620.999999999999
TRN-TA-098-14,Pd_Ag_Cu_1_5_1_re1,Pd_Ag_Cu_1_5_1_150_re1,0.124849324835182,0.675929023004113,0,0.00473912065585,0.094516346921088,1,,634.499999999999
TRN-TA-098-14,Pd_Ag_Cu_1_5_1_re1,Pd_Ag_Cu_1_5_1_150_re1,0.125095723709522,0.683761492730584,0,0.004705333975926,0.095272744562187,1,,647.999999999999
TRN-TA-098-14,Pd_Ag_Cu_1_5_1_re1,Pd_Ag_Cu_1_5_1_150_re1,0.124288851704635,0.677919073544153,0,0.004757222720999,0.094813790844603,1,,661.499999999999
TRN-TA-098-14,Pd_Ag_Cu_1_5_1_re1,Pd_Ag_Cu_1_5_1_150_re1,0.124371606277462,0.680230182372635,0,0.004728325392397,0.09494179674061,1,,674.999999999999
TRN-TA-098-14,Pd_Ag_Cu_1_5_1_re1,Pd_Ag_Cu_1_5_1_150_re1,0.12398999097908,0.675065676503754,0,0.004721155831529,0.094860116477643,1,,688.499999999999
TRN-TA-098-14,Pd_Ag_Cu_1_5_1_re1,Pd_Ag_Cu_1_5_1_150_re1,0.123777354810688,0.679306286863582,0,0.004747551111909,0.095262925115839,1,,701.999999999999
TRN-TA-098-14,Pd_Ag_Cu_1_5_1_re1,Pd_Ag_Cu_1_5_1_150_re1,0.123495314069003,0.677707794923934,0,0.004776684639571,0.095266158093018,1,,715.499999999999
TRN-TA-098-14,Pd_Ag_Cu_1_5_1_re1,Pd_Ag_Cu_1_5_1_150_re1,0.123733207449764,0.67867377008936,0,0.004763287512841,0.095451362697216,1,,728.999999999999
TRN-TA-098-14,Pd_Ag_Cu_1_5_1_re1,Pd_Ag_Cu_1_5_1_150_re1,0.122581641631115,0.644150054136334,0,0.004682108678036,0.093445208614246,1,,742.499999999999
TRN-TA-098-14,Pd_Ag_Cu_1_5_1_re1,Pd_Ag_Cu_1_5_1_150_re1,0.124747903855204,0.669508823840126,0,0.004747551111909,0.094945029481855,1,,755.999999999999
TRN-TA-098-14,Pd_Ag_Cu_1_5_1_re1,Pd_Ag_Cu_1_5_1_150_re1,0.124843082825592,0.678219175639269,0,0.004815378398663,0.095917226920549,1,,769.499999999999
TRN-TA-098-14,Pd_Ag_Cu_1_5_1_re1,Pd_Ag_Cu_1_5_1_150_re1,0.124740086024512,0.685368901542646,0,0.004826425659837,0.096264568463916,1,,782.999999999999
TRN-TA-098-14,Pd_Ag_Cu_1_5_1_re1,Pd_Ag_Cu_1_5_1_150_re1,0.124032843020117,0.685096822879455,0,0.004816603374089,0.096390252173852,1,,796.499999999999
TRN-TA-098-14,Pd_Ag_Cu_1_5_1_re1,Pd_Ag_Cu_1_5_1_150_re1,0.122925002963078,0.68059071696084,0,0.004788585701452,0.096275575705418,1,,809.999999999999
TRN-TA-098-14,Pd_Ag_Cu_1_5_1_re1,Pd_Ag_Cu_1_5_1_150_re1,0.123263835233305,0.684234657273878,0,0.004806820985921,0.096644930564128,1,,823.499999999999
TRN-TA-098-14,Pd_Ag_Cu_1_5_1_re1,Pd_Ag_Cu_1_5_1_150_re1,0.123022674196721,0.683305857014758,0,0.004787374933892,0.096699855002758,1,,836.999999999999
TRN-TA-098-14,Pd_Ag_Cu_1_5_1_re1,Pd_Ag_Cu_1_5_1_150_re1,0.122454634643433,0.682297177840992,0,0.004808041610854,0.096669472192001,1,,850.499999999999
TRN-TA-098-14,Pd_Ag_Cu_1_5_1_re1,Pd_Ag_Cu_1_5_1_150_re1,0.122407387505543,0.682096339609752,0,0.004791009074783,0.096773260763135,1,,863.999999999999
TRN-TA-098-14,Pd_Ag_Cu_1_5_1_re1,Pd_Ag_Cu_1_5_1_150_re1,0.121533270430928,0.679181421040422,0,0.004794648737286,0.096656463167518,1,,877.499999999999
TRN-TA-098-14,Pd_Ag_Cu_1_5_1_re1,Pd_Ag_Cu_1_5_1_150_re1,0.120938498855477,0.673796085661937,0,0.004781330268571,0.096514707984782,1,,890.999999999999
TRN-TA-098-14,Pd_Ag_Cu_1_5_1_re1,Pd_Ag_Cu_1_5_1_150_re1,0.121503896989468,0.683847634673436,0,0.004819055195608,0.097148478760124,1,,904.499999999999
TRN-TA-098-14,Pd_Ag_Cu_1_5_1_re1,Pd_Ag_Cu_1_5_1_150_re1,0.120853803467602,0.679592188939678,0,0.004780351490625,0.097024186121919,1,,917.999999999999
TRN-TA-098-14,Pd_Ag_Cu_1_5_1_re1,Pd_Ag_Cu_1_5_1_150_re1,0.12029200971237,0.675884346695431,0,0.00471996301803,0.096882243075376,1,,931.499999999999
TRN-TA-098-14,Pd_Ag_Cu_1_5_1_re1,Pd_Ag_Cu_1_5_1_150_re1,0.119898205600997,0.679452401249454,0,0.004768085586387,0.097072058940399,1,,944.999999999999
TRN-TA-098-14,Pd_Ag_Cu_1_5_1_re1,Pd_Ag_Cu_1_5_1_150_re1,0.119803870580899,0.679903898939669,0,0.004787374933892,0.097274738954473,1,,958.499999999999
TRN-TA-098-14,Pd_Ag_Cu_1_5_1_re1,Pd_Ag_Cu_1_5_1_150_re1,0.119008204915164,0.675277281867914,0,0.004745380416928,0.097053870052669,1,,971.999999999999
TRN-TA-098-14,Pd_Ag_Cu_1_5_1_re1,Pd_Ag_Cu_1_5_1_150_re1,0.119013841961977,0.677065080975406,0,0.004778916674291,0.097229546475555,1,,985.499999999999
TRN-TA-098-14,Pd_Ag_Cu_1_5_1_re1,Pd_Ag_Cu_1_5_1_150_re1,0.118982555716883,0.676998809329515,0,0.004805039344283,0.097235020737651,1,,998.999999999999
TRN-TA-098-14,Pd_Ag_Cu_1_5_1_re1,Pd_Ag_Cu_1_5_1_150_re1,0.118684329688737,0.679127575518838,0,0.004765685341944,0.097343462289908,1,,1012.5
TRN-TA-098-14,Pd_Ag_Cu_1_5_1_re1,Pd_Ag_Cu_1_5_1_150_re1,0.117431939968945,0.69722444096958,0,0.004846305153252,0.098259911920389,1,,1026
TRN-TA-098-14,Pd_Ag_Cu_1_5_1_re1,Pd_Ag_Cu_1_5_1_150_re1,0.118722495587805,0.680036279525243,0,0.004780123166762,0.097382879101584,1,,1039.5
TRN-TA-098-14,Pd_Ag_Cu_1_5_1_re1,Pd_Ag_Cu_1_5_1_150_re1,0.116734954870599,0.674396827113104,0,0.00474895105682,0.097190150279705,1,,1053
TRN-TA-098-14,Pd_Ag_Cu_1_5_1_re1,Pd_Ag_Cu_1_5_1_150_re1,0.117068211005301,0.678188290298883,0,0.004820734196413,0.097486556532042,1,,1066.5
TRN-TA-098-14,Pd_Ag_Cu_1_5_1_re1,Pd_Ag_Cu_1_5_1_150_re1,0.116820604601613,0.679517559919945,0,0.004768085586387,0.097518242636653,1,,1080
TRN-TA-098-14,Pd_Ag_Cu_1_5_1_re1,Pd_Ag_Cu_1_5_1_150_re1,0.116476142780312,0.677793314588421,0,0.004764486125703,0.097189972308434,1,,1093.5
TRN-TA-098-14,Pd_Ag_Cu_1_5_1_re1,Pd_Ag_Cu_1_5_1_150_re1,0.116291031487233,0.681538218210877,0,0.004775300848308,0.097476264318478,1,,1107
TRN-TA-098-14,Pd_Ag_Cu_1_5_1_re1,Pd_Ag_Cu_1_5_1_150_re1,0.11576548828694,0.68147104401752,0,0.004817103214091,0.097352513807524,1,,1120.5
TRN-TA-098-14,Pd_Ag_Cu_1_5_1_re1,Pd_Ag_Cu_1_5_1_150_re1,0.115357953757677,0.680625683513365,0,0.004763287512841,0.097293854324261,1,,1134
TRN-TA-098-14,Pd_Ag_Cu_1_5_1_re1,Pd_Ag_Cu_1_5_1_150_re1,0.114443121365123,0.683791783418819,0,0.004785862335177,0.097600936039658,1,,1147.5
TRN-TA-098-14,Pd_Ag_Cu_1_5_1_re1,Pd_Ag_Cu_1_5_1_150_re1,0.113342162436838,0.677824149088757,0,0.004719358889218,0.097023471951678,1,,1161
TRN-TA-098-14,Pd_Ag_Cu_1_5_1_re1,Pd_Ag_Cu_1_5_1_150_re1,0.113003119165488,0.675708165923714,0,0.004737069768212,0.096883898301263,1,,1174.5
TRN-TA-098-14,Pd_Ag_Cu_1_5_1_re1,Pd_Ag_Cu_1_5_1_150_re1,0.113001703975832,0.683563730761803,0,0.004780123166762,0.097319211428007,1,,1188
TRN-TA-098-14,Pd_Ag_Cu_1_5_1_re1,Pd_Ag_Cu_1_5_1_150_re1,0.111893406493316,0.68062375885,0,0.004721155831529,0.097161841018425,1,,1201.5
TRN-TA-098-14,Pd_Ag_Cu_1_5_1_re1,Pd_Ag_Cu_1_5_1_150_re1,0.111020283252086,0.680303965541067,0,0.00473944126747,0.096994899731244,1,,1215
TRN-TA-098-14,Pd_Ag_Cu_1_5_1_re1,Pd_Ag_Cu_1_5_1_150_re1,0.110042166666,0.674986466251562,0,0.004719358889218,0.0965839043934,1,,1229.28
TRN-TA-098-14,Pd_Ag_Cu_1_5_1_re1,Pd_Ag_Cu_1_5_1_150_re1,0.109473498488391,0.678970514937372,0,0.004689160046527,0.096754679044543,1,,1242.78
TRN-TA-098-14,Pd_Ag_Cu_1_5_1_re1,Pd_Ag_Cu_1_5_1_150_re1,0.109364128580687,0.692455410538081,0,0.004692693701422,0.097398720759229,1,,1256.28
TRN-TA-098-14,Pd_Ag_Cu_1_5_1_re1,Pd_Ag_Cu_1_5_1_150_re1,0.10867466319995,0.680031657368326,0,0.004673892819473,0.096098358349115,1,,1269.78
TRN-TA-098-14,Pd_Ag_Cu_1_5_1_re1,Pd_Ag_Cu_1_5_1_150_re1,0.108161481492389,0.6892551337877,0,0.004657356428401,0.097032291934754,1,,1283.28
TRN-TA-098-14,Pd_Ag_Cu_1_5_1_re1,Pd_Ag_Cu_1_5_1_150_re1,0.106550080827734,0.680626321200122,0,0.004692693701422,0.096447319564386,1,,1296.78
TRN-TA-098-14,Pd_Ag_Cu_1_5_1_re1,Pd_Ag_Cu_1_5_1_150_re1,0.105786662921541,0.688881636724472,0,0.004712818775318,0.096923930903631,1,,1310.28
TRN-TA-098-14,Pd_Ag_Cu_1_5_1_re1,Pd_Ag_Cu_1_5_1_150_re1,0.105911053079176,0.68509876802344,0,0.004678590940486,0.09641091178118,1,,1323.78
TRN-TA-098-14,Pd_Ag_Cu_1_5_1_re1,Pd_Ag_Cu_1_5_1_150_re1,0.1058207880769,0.689794553791659,0,0.004677419535644,0.096449287345624,1,,1337.28
TRN-TA-098-14,Pd_Ag_Cu_1_5_1_re1,Pd_Ag_Cu_1_5_1_150_re1,0.105854765688055,0.694638113165179,0,0.004666291060587,0.096835125659326,0.994316077613493,,1350.78
TRN-TA-098-14,Pd_Ag_Cu_1_5_1_re1,Pd_Ag_Cu_1_5_1_150_re1,0.105217381300514,0.693869527329021,0,0.004689602427105,0.096740312722953,0.9938774459446,,1364.28
TRN-TA-098-14,Pd_Ag_Cu_1_5_1_re1,Pd_Ag_Cu_1_5_1_150_re1,0.103867824838856,0.688622345294479,0,0.004661022845574,0.096150753650988,0.993439039132277,,1377.78
TRN-TA-098-14,Pd_Ag_Cu_1_5_1_re1,Pd_Ag_Cu_1_5_1_150_re1,0.103998517995804,0.690588823015651,0,0.004655343085193,0.096097292167844,0.992904771438509,,1391.28
TRN-TA-098-14,Pd_Ag_Cu_1_5_1_re1,Pd_Ag_Cu_1_5_1_150_re1,0.103794086369654,0.697660112079686,0,0.004631235079982,0.096220240973585,0.992365936335486,,1404.78
TRN-TA-098-14,Pd_Ag_Cu_1_5_1_re1,Pd_Ag_Cu_1_5_1_150_re1,0.10263308657015,0.694211847609396,0,0.004666366962856,0.095875588272743,0.991802918052003,,1418.28
TRN-TA-098-14,Pd_Ag_Cu_1_5_1_re1,Pd_Ag_Cu_1_5_1_150_re1,0.101645374806438,0.703387297506522,0,0.004642723737573,0.096456186444496,0.990912463085646,,1431.78
TRN-TA-098-14,Pd_Ag_Cu_1_5_1_re1,Pd_Ag_Cu_1_5_1_150_re1,0.100606245251186,0.703537214948512,0,0.004683053396144,0.096409407266909,0.990009320909286,,1445.28
TRN-TA-098-14,Pd_Ag_Cu_1_5_1_re1,Pd_Ag_Cu_1_5_1_150_re1,0.099820191962731,0.701665683665634,0,0.004624448639509,0.096076507108446,0.989319654061918,,1458.78
TRN-TA-098-14,Pd_Ag_Cu_1_5_1_re1,Pd_Ag_Cu_1_5_1_150_re1,0.099759601503352,0.705821110683132,0,0.004605268042089,0.09624832499587,0.988600184674684,,1472.28
TRN-TA-098-14,Pd_Ag_Cu_1_5_1_re1,Pd_Ag_Cu_1_5_1_150_re1,0.099498495777518,0.69772282912148,0,0.004599246245234,0.095605247860499,0.988137647450747,,1485.78
TRN-TA-098-14,Pd_Ag_Cu_1_5_1_re1,Pd_Ag_Cu_1_5_1_150_re1,0.098841126485341,0.699949828269593,0,0.004586930462281,0.095282589994735,0.987286204399043,,1499.28
TRN-TA-098-14,Pd_Ag_Cu_1_5_1_re1,Pd_Ag_Cu_1_5_1_150_re1,0.098061268650527,0.704435634093447,0,0.00458702448469,0.095479626743004,0.986269232577435,,1512.78
TRN-TA-098-14,Pd_Ag_Cu_1_5_1_re1,Pd_Ag_Cu_1_5_1_150_re1,0.097495017708627,0.705336118051376,0,0.004587973277125,0.095304251997249,0.985319195065529,,1526.28
TRN-TA-098-14,Pd_Ag_Cu_1_5_1_re1,Pd_Ag_Cu_1_5_1_150_re1,0.096431968012332,0.70532383406624,0,0.004580816311371,0.095220033436091,0.984128393206057,,1539.78
TRN-TA-098-14,Pd_Ag_Cu_1_5_1_re1,Pd_Ag_Cu_1_5_1_150_re1,0.095284086020689,0.703411364392493,0,0.004551604312226,0.094988896282808,0.982922123378488,,1553.28
TRN-TA-098-14,Pd_Ag_Cu_1_5_1_re1,Pd_Ag_Cu_1_5_1_150_re1,0.094420787940384,0.706648411746011,0,0.004525940085155,0.09503561195869,0.981538020182736,,1566.78
TRN-TA-098-14,Pd_Ag_Cu_1_5_1_re1,Pd_Ag_Cu_1_5_1_150_re1,0.094069452302057,0.704861456209644,0,0.004546779754481,0.094823325626161,0.980242655041459,,1580.28
TRN-TA-098-14,Pd_Ag_Cu_1_5_1_re1,Pd_Ag_Cu_1_5_1_150_re1,0.09241680069488,0.707072091393073,0,0.004542824666275,0.094802906235741,0.978381776953078,,1593.78
TRN-TA-098-14,Pd_Ag_Cu_1_5_1_re1,Pd_Ag_Cu_1_5_1_150_re1,0.091922596241572,0.710976704674163,0,0.004580162720293,0.094927454563639,0.976793369268349,,1607.28
TRN-TA-098-14,Pd_Ag_Cu_1_5_1_re1,Pd_Ag_Cu_1_5_1_150_re1,0.091476994938043,0.71288343674153,0,0.004544909347902,0.094717337608094,0.975234923386333,,1620.78
TRN-TA-098-14,Pd_Ag_Cu_1_5_1_re1,Pd_Ag_Cu_1_5_1_150_re1,0.091562125843317,0.708269687897008,0,0.004572048293361,0.094109218302711,0.974088090222201,,1634.28
TRN-TA-098-14,Pd_Ag_Cu_1_5_1_re1,Pd_Ag_Cu_1_5_1_150_re1,0.089270251599833,0.712181399305247,0,0.004554479731011,0.094576407145215,0.971465916791785,,1647.78
TRN-TA-098-14,Pd_Ag_Cu_1_5_1_re1,Pd_Ag_Cu_1_5_1_150_re1,0.087482387592373,0.713526371186276,0,0.004506107990535,0.094679538817443,0.968401888229043,,1661.28
TRN-TA-098-14,Pd_Ag_Cu_1_5_1_re1,Pd_Ag_Cu_1_5_1_150_re1,0.087042004618867,0.714709789719931,0,0.004584379123104,0.094530366123711,0.966111572261861,,1674.78
TRN-TA-098-14,Pd_Ag_Cu_1_5_1_re1,Pd_Ag_Cu_1_5_1_150_re1,0.085979255214201,0.712256328485981,0,0.004525485353989,0.094223363632104,0.96352059095899,,1688.28
TRN-TA-098-14,Pd_Ag_Cu_1_5_1_re1,Pd_Ag_Cu_1_5_1_150_re1,0.086966395999248,0.748255469335238,0,0.004595379822662,0.096147810901434,0.960083342840395,,1701.78
TRN-TA-098-14,Pd_Ag_Cu_1_5_1_re1,Pd_Ag_Cu_1_5_1_150_re1,0.084755035716074,0.717758345957236,0,0.004546224187353,0.094185279422552,0.957908684269147,,1715.28
TRN-TA-098-14,Pd_Ag_Cu_1_5_1_re1,Pd_Ag_Cu_1_5_1_150_re1,0.08367455869458,0.719152137944602,0,0.004545205025351,0.094145023948657,0.954444666267098,,1728.78
TRN-TA-098-14,Pd_Ag_Cu_1_5_1_re1,Pd_Ag_Cu_1_5_1_150_re1,0.082707687266174,0.710429090894424,0,0.004567375881939,0.093378569329744,0.951764459824646,,1742.28
TRN-TA-098-14,Pd_Ag_Cu_1_5_1_re1,Pd_Ag_Cu_1_5_1_150_re1,0.082054481357394,0.707502598033105,0,0.004527540277464,0.093036196578356,0.948679321619533,,1755.78
TRN-TA-098-14,Pd_Ag_Cu_1_5_1_re1,Pd_Ag_Cu_1_5_1_150_re1,0.081593542560667,0.7089122987883,0,0.004513637554615,0.09292620903962,0.94532007565347,,1769.28
TRN-TA-098-14,Pd_Ag_Cu_1_5_1_re1,Pd_Ag_Cu_1_5_1_150_re1,0.080848763837168,0.704390712682405,0,0.004518269446464,0.092611052189055,0.942179506847898,,1782.78
TRN-TA-098-14,Pd_Ag_Cu_1_5_1_re1,Pd_Ag_Cu_1_5_1_150_re1,0.08073092477027,0.711613996797621,0,0.004527148169696,0.092585916246454,0.938413622043543,,1796.28
TRN-TA-098-14,Pd_Ag_Cu_1_5_1_re1,Pd_Ag_Cu_1_5_1_150_re1,0.079890758544597,0.702716008318938,0,0.004508743190486,0.091827781633429,0.934880539311217,,1809.78
TRN-TA-098-14,Pd_Ag_Cu_1_5_1_re1,Pd_Ag_Cu_1_5_1_150_re1,0.078691731404364,0.707309744209635,0,0.004545219158273,0.091993336439547,0.929704634493736,,1823.28
TRN-TA-098-14,Pd_Ag_Cu_1_5_1_re1,Pd_Ag_Cu_1_5_1_150_re1,0.078066631520955,0.705602980718325,0,0.004594267632173,0.091593131602295,0.924939802127625,,1836.78
TRN-TA-098-14,Pd_Ag_Cu_1_5_1_re1,Pd_Ag_Cu_1_5_1_150_re1,0.07744646533099,0.709978466148004,0,0.004613169363006,0.091613044614306,0.918911003862636,,1850.28
TRN-TA-098-14,Pd_Ag_Cu_1_5_1_re1,Pd_Ag_Cu_1_5_1_150_re1,0.07712322744245,0.717270211126241,0,0.004623829271022,0.091895094931307,0.912314613287445,,1863.78
TRN-TA-098-14,Pd_Ag_Cu_1_5_1_re1,Pd_Ag_Cu_1_5_1_150_re1,0.075781998133613,0.700424315305289,0,0.004554008216371,0.090783005149294,0.906458673338065,,1877.28
TRN-TA-098-14,Pd_Ag_Cu_1_5_1_re1,Pd_Ag_Cu_1_5_1_150_re1,0.075373506829456,0.708697012119823,0,0.004630310086374,0.091074803385491,0.897945064114615,,1890.78
TRN-TA-098-14,Pd_Ag_Cu_1_5_1_re1,Pd_Ag_Cu_1_5_1_150_re1,0.074383492888722,0.697969785319559,0,0.004614231173295,0.090297478736657,0.88951271350788,,1904.28
TRN-TA-098-14,Pd_Ag_Cu_1_5_1_re1,Pd_Ag_Cu_1_5_1_150_re1,0.073649829034328,0.698369476715276,0,0.004720937212067,0.090204090646492,0.879123747863097,,1917.78
TRN-TA-098-14,Pd_Ag_Cu_1_5_1_re1,Pd_Ag_Cu_1_5_1_150_re1,0.073572916197492,0.709285157032992,0,0.004626896517209,0.090678448859979,0.863100339166437,,1931.28
TRN-TA-098-14,Pd_Ag_Cu_1_5_1_re1,Pd_Ag_Cu_1_5_1_150_re1,0.0720121490635,0.685363168864609,0,0.004739824778892,0.088903634972768,0.850441956441263,,1944.78000000001
TRN-TA-098-14,Pd_Ag_Cu_1_5_1_re1,Pd_Ag_Cu_1_5_1_150_re1,0.071861822761493,0.686500568911603,0,0.00487073311001,0.088689446564362,0.834028734049043,,1958.28000000001
TRN-TA-098-14,Pd_Ag_Cu_1_5_1_re1,Pd_Ag_Cu_1_5_1_150_re1,0.07124902914196,0.685260866133482,0,0.004959075398863,0.088365836282062,0.812070821135572,,1971.78000000001
TRN-TA-098-14,Pd_Ag_Cu_1_5_1_re1,Pd_Ag_Cu_1_5_1_150_re1,0.070824694054063,0.667841873179316,0,0.00516116985199,0.087152383285853,0.773998228804362,,1985.28000000001
TRN-TA-098-14,Pd_Ag_Cu_1_5_1_re1,Pd_Ag_Cu_1_5_1_150_re1,0.070991880573655,0.629030084124963,0,0,0.083771853375838,0.702535467188255,,1998.78000000001
TRN-TA-098-14,Pd_Ag_Cu_1_5_1_re1,Pd_Ag_Cu_1_5_1_150_re1,0.083016485787228,0.599939517595909,0,0,0.078574131438379,0.518088262403357,,2012.28000000001
TRN-TA-098-14,Pd_Ag_Cu_1_5_1_re1,Pd_Ag_Cu_1_5_1_150_re1,0.106620919286813,0.478707219449647,0,0,0.070755211098197,0.347959213608819,,2025.78000000001
TRN-TA-098-14,Pd_Ag_Cu_1_5_1_re1,Pd_Ag_Cu_1_5_1_150_re1,0.126917655242109,0.47825838518637,0,0,0.041981532590104,0.280151258873823,,2039.28000000001
TRN-TA-098-14,Pd_Ag_Cu_1_5_1_re1,Pd_Ag_Cu_1_5_1_150_re1,0.140988086817032,0.491728078414268,0,0,0.0438659991112,0.250091082540861,,2052.78000000001
TRN-TA-098-14,Pd_Ag_Cu_1_5_1_re1,Pd_Ag_Cu_1_5_1_150_re1,0.151393964482793,0.495613681942955,0,0,0.045497584186506,0.231643947552222,,2066.28000000001
TRN-TA-098-14,Pd_Ag_Cu_1_5_1_re1,Pd_Ag_Cu_1_5_1_150_re1,0.161466984419341,0.509498698316383,0,0,0.046892947861297,0.218181702625125,,2079.78000000001
TRN-TA-098-14,Pd_Ag_Cu_1_5_1_re1,Pd_Ag_Cu_1_5_1_150_re1,0.168283301782425,0.495286988126861,0,0,0.047294746104191,0.208860997088439,,2093.28000000001
TRN-TA-098-14,Pd_Ag_Cu_1_5_1_re1,Pd_Ag_Cu_1_5_1_150_re1,0.178620174759834,0.529889632769902,0,0,0.04897482142097,0.197024527464523,,2106.78000000001
TRN-TA-098-14,Pd_Ag_Cu_1_5_1_re1,Pd_Ag_Cu_1_5_1_150_re1,0.182126008419598,0.498393112893289,0,0,0.048710030669843,0.190489656695323,,2120.28000000001
TRN-TA-098-14,Pd_Ag_Cu_1_5_1_re1,Pd_Ag_Cu_1_5_1_150_re1,0.18751374144704,0.504727880404688,0,0,0.049391129056201,0.183980492076942,,2133.78000000001
TRN-TA-098-14,Pd_Ag_Cu_1_5_1_re1,Pd_Ag_Cu_1_5_1_150_re1,0.191485693208509,0.497626801352758,0,0,0.049395709411438,0.179458546837207,,2147.28000000001
TRN-TA-098-14,Pd_Ag_Cu_1_5_1_re1,Pd_Ag_Cu_1_5_1_150_re1,0.194531054060785,0.486627196421317,0,0,0.049576029396474,0.175850688785716,,2160.78000000001
TRN-TA-098-14,Pd_Ag_Cu_1_5_1_re2,Pd_Ag_Cu_1_5_1_150_re2,0.236387802972098,0.660425956818117,0,0,0.075884024715419,1,,13.5
TRN-TA-098-14,Pd_Ag_Cu_1_5_1_re2,Pd_Ag_Cu_1_5_1_150_re2,0.203708915369738,0.649294719162943,0,0,0.069803764470065,1,,27
TRN-TA-098-14,Pd_Ag_Cu_1_5_1_re2,Pd_Ag_Cu_1_5_1_150_re2,0.187801050359908,0.649419687035483,0,0,0.070546674147451,1,,40.5
TRN-TA-098-14,Pd_Ag_Cu_1_5_1_re2,Pd_Ag_Cu_1_5_1_150_re2,0.179761139845139,0.654206175027858,0,0,0.070113664477158,1,,54
TRN-TA-098-14,Pd_Ag_Cu_1_5_1_re2,Pd_Ag_Cu_1_5_1_150_re2,0.174423557867394,0.651325713848904,0,0,0.072770742304262,1,,67.5
TRN-TA-098-14,Pd_Ag_Cu_1_5_1_re2,Pd_Ag_Cu_1_5_1_150_re2,0.172648531331694,0.667902795022197,0,0,0.074725561518485,1,,81
TRN-TA-098-14,Pd_Ag_Cu_1_5_1_re2,Pd_Ag_Cu_1_5_1_150_re2,0.168485841492373,0.654728436435242,0,0,0.075323411500083,1,,94.5
TRN-TA-098-14,Pd_Ag_Cu_1_5_1_re2,Pd_Ag_Cu_1_5_1_150_re2,0.16809060929252,0.656546562479883,0,0,0.076374781139065,1,,108
TRN-TA-098-14,Pd_Ag_Cu_1_5_1_re2,Pd_Ag_Cu_1_5_1_150_re2,0.166206604586446,0.656022243884585,0,0,0.079556117728346,1,,121.5
TRN-TA-098-14,Pd_Ag_Cu_1_5_1_re2,Pd_Ag_Cu_1_5_1_150_re2,0.165906605922727,0.65487312323288,0,0,0.078248296871197,1,,135
TRN-TA-098-14,Pd_Ag_Cu_1_5_1_re2,Pd_Ag_Cu_1_5_1_150_re2,0.164477091067519,0.643460382204503,0,0,0.078599139314802,1,,148.5
TRN-TA-098-14,Pd_Ag_Cu_1_5_1_re2,Pd_Ag_Cu_1_5_1_150_re2,0.164357534467043,0.644502115314082,0,0,0.079381796656533,1,,162
TRN-TA-098-14,Pd_Ag_Cu_1_5_1_re2,Pd_Ag_Cu_1_5_1_150_re2,0.165082180440723,0.653197476207702,0,0,0.080632761151652,1,,175.5
TRN-TA-098-14,Pd_Ag_Cu_1_5_1_re2,Pd_Ag_Cu_1_5_1_150_re2,0.164644630356574,0.646882688683515,0,0,0.08104130047482,1,,189
TRN-TA-098-14,Pd_Ag_Cu_1_5_1_re2,Pd_Ag_Cu_1_5_1_150_re2,0.166446263680072,0.660713866621688,0,0,0.082464317195998,1,,202.5
TRN-TA-098-14,Pd_Ag_Cu_1_5_1_re2,Pd_Ag_Cu_1_5_1_150_re2,0.165380425474063,0.65210408422268,0,0,0.082714700477162,1,,216
TRN-TA-098-14,Pd_Ag_Cu_1_5_1_re2,Pd_Ag_Cu_1_5_1_150_re2,0.164559236680953,0.644906357944149,0,0,0.08301052806787,1,,229.5
TRN-TA-098-14,Pd_Ag_Cu_1_5_1_re2,Pd_Ag_Cu_1_5_1_150_re2,0.165036184177236,0.643148290709753,0,0,0.083670690257089,1,,243
TRN-TA-098-14,Pd_Ag_Cu_1_5_1_re2,Pd_Ag_Cu_1_5_1_150_re2,0.165173553539507,0.644165861864593,0,0,0.08422593151316,1,,256.5
TRN-TA-098-14,Pd_Ag_Cu_1_5_1_re2,Pd_Ag_Cu_1_5_1_150_re2,0.165722769018709,0.640804808870017,0,0,0.084698284348687,1,,270
TRN-TA-098-14,Pd_Ag_Cu_1_5_1_re2,Pd_Ag_Cu_1_5_1_150_re2,0.165686640547809,0.638274309765322,0,0,0.085353276041273,1,,283.5
TRN-TA-098-14,Pd_Ag_Cu_1_5_1_re2,Pd_Ag_Cu_1_5_1_150_re2,0.166426432045354,0.646639168878158,0,0,0.085965302920516,1,,297
TRN-TA-098-14,Pd_Ag_Cu_1_5_1_re2,Pd_Ag_Cu_1_5_1_150_re2,0.16605558958399,0.637857491365504,0,0,0.086188768061131,1,,310.5
TRN-TA-098-14,Pd_Ag_Cu_1_5_1_re2,Pd_Ag_Cu_1_5_1_150_re2,0.166828390993984,0.635915614834548,0,0,0.086235813667762,1,,324
TRN-TA-098-14,Pd_Ag_Cu_1_5_1_re2,Pd_Ag_Cu_1_5_1_150_re2,0.167338238257429,0.635082343155355,0,0,0.086727504127593,1,,337.5
TRN-TA-098-14,Pd_Ag_Cu_1_5_1_re2,Pd_Ag_Cu_1_5_1_150_re2,0.167368989990301,0.639149869768946,0,0,0.087447516615903,1,,351
TRN-TA-098-14,Pd_Ag_Cu_1_5_1_re2,Pd_Ag_Cu_1_5_1_150_re2,0.166718071767008,0.632042269471847,0,0,0.087246806423122,1,,364.5
TRN-TA-098-14,Pd_Ag_Cu_1_5_1_re2,Pd_Ag_Cu_1_5_1_150_re2,0.167429655665037,0.635268472862711,0,0,0.087707792680282,1,,378
TRN-TA-098-14,Pd_Ag_Cu_1_5_1_re2,Pd_Ag_Cu_1_5_1_150_re2,0.168395342152577,0.639932524586457,0,0,0.088328366266516,1,,391.5
TRN-TA-098-14,Pd_Ag_Cu_1_5_1_re2,Pd_Ag_Cu_1_5_1_150_re2,0.168858950207254,0.636444612822208,0,0,0.088771285500212,1,,405
TRN-TA-098-14,Pd_Ag_Cu_1_5_1_re2,Pd_Ag_Cu_1_5_1_150_re2,0.168232431631114,0.629994175085255,0,0,0.088348622618423,1,,418.5
TRN-TA-098-14,Pd_Ag_Cu_1_5_1_re2,Pd_Ag_Cu_1_5_1_150_re2,0.168705478529064,0.643869400067406,0,0,0.08935685623847,1,,432
TRN-TA-098-14,Pd_Ag_Cu_1_5_1_re2,Pd_Ag_Cu_1_5_1_150_re2,0.169122472294747,0.645562957237804,0,0,0.089701865936359,1,,445.5
TRN-TA-098-14,Pd_Ag_Cu_1_5_1_re2,Pd_Ag_Cu_1_5_1_150_re2,0.167538953024665,0.624230788819533,0,0,0.088704622751235,1,,459
TRN-TA-098-14,Pd_Ag_Cu_1_5_1_re2,Pd_Ag_Cu_1_5_1_150_re2,0.171068630311354,0.647260537035606,0,0,0.089984227444517,1,,472.5
TRN-TA-098-14,Pd_Ag_Cu_1_5_1_re2,Pd_Ag_Cu_1_5_1_150_re2,0.168754568739762,0.62773679778577,0,0,0.08918197836025,1,,486
TRN-TA-098-14,Pd_Ag_Cu_1_5_1_re2,Pd_Ag_Cu_1_5_1_150_re2,0.169483527075527,0.636738099427819,0,0,0.089925841797448,1,,499.5
TRN-TA-098-14,Pd_Ag_Cu_1_5_1_re2,Pd_Ag_Cu_1_5_1_150_re2,0.169432352262247,0.62765802332241,0,0,0.089339750747348,1,,513
TRN-TA-098-14,Pd_Ag_Cu_1_5_1_re2,Pd_Ag_Cu_1_5_1_150_re2,0.168438981357794,0.619830630170202,0,0,0.089161454588347,1,,526.5
TRN-TA-098-14,Pd_Ag_Cu_1_5_1_re2,Pd_Ag_Cu_1_5_1_150_re2,0.170115043448144,0.631180053127132,0,0,0.08994129238358,1,,540
TRN-TA-098-14,Pd_Ag_Cu_1_5_1_re2,Pd_Ag_Cu_1_5_1_150_re2,0.169724385809256,0.629856094841659,0,0,0.089897702948083,1,,553.5
TRN-TA-098-14,Pd_Ag_Cu_1_5_1_re2,Pd_Ag_Cu_1_5_1_150_re2,0.169699632694539,0.629018727605811,0,0,0.090212545060203,1,,567
TRN-TA-098-14,Pd_Ag_Cu_1_5_1_re2,Pd_Ag_Cu_1_5_1_150_re2,0.169224104293776,0.622979667314869,0,0,0.089783315732959,1,,580.5
TRN-TA-098-14,Pd_Ag_Cu_1_5_1_re2,Pd_Ag_Cu_1_5_1_150_re2,0.168693513185062,0.622108887273395,0,0,0.089967659444114,1,,594
TRN-TA-098-14,Pd_Ag_Cu_1_5_1_re2,Pd_Ag_Cu_1_5_1_150_re2,0.169146183531434,0.623081661279107,0,0,0.090193999667215,1,,607.499999999999
TRN-TA-098-14,Pd_Ag_Cu_1_5_1_re2,Pd_Ag_Cu_1_5_1_150_re2,0.168061809719643,0.61353872125495,0,0,0.089789406493081,1,,620.999999999999
TRN-TA-098-14,Pd_Ag_Cu_1_5_1_re2,Pd_Ag_Cu_1_5_1_150_re2,0.169702783910783,0.630681115142117,0,0,0.091017718767479,1,,634.499999999999
TRN-TA-098-14,Pd_Ag_Cu_1_5_1_re2,Pd_Ag_Cu_1_5_1_150_re2,0.170305385451215,0.633640380832244,0,0,0.091578532676801,1,,647.999999999999
TRN-TA-098-14,Pd_Ag_Cu_1_5_1_re2,Pd_Ag_Cu_1_5_1_150_re2,0.168629606262327,0.627313802370767,0,0,0.09129289832549,1,,661.499999999999
TRN-TA-098-14,Pd_Ag_Cu_1_5_1_re2,Pd_Ag_Cu_1_5_1_150_re2,0.168140209124988,0.620764590094084,0,0,0.091137002821278,1,,674.999999999999
TRN-TA-098-14,Pd_Ag_Cu_1_5_1_re2,Pd_Ag_Cu_1_5_1_150_re2,0.167440538283518,0.622160391846833,0,0,0.091502436617432,1,,688.499999999999
TRN-TA-098-14,Pd_Ag_Cu_1_5_1_re2,Pd_Ag_Cu_1_5_1_150_re2,0.168758066117951,0.640732915688369,0,0,0.092764898100984,1,,701.999999999999
TRN-TA-098-14,Pd_Ag_Cu_1_5_1_re2,Pd_Ag_Cu_1_5_1_150_re2,0.16599384383562,0.620199254540208,0,0,0.091891475188563,1,,715.499999999999
TRN-TA-098-14,Pd_Ag_Cu_1_5_1_re2,Pd_Ag_Cu_1_5_1_150_re2,0.165579762897082,0.626481811090947,0,0,0.092441768880508,1,,728.999999999999
TRN-TA-098-14,Pd_Ag_Cu_1_5_1_re2,Pd_Ag_Cu_1_5_1_150_re2,0.166419275233288,0.625550839600549,0,0,0.092642012809701,1,,742.499999999999
TRN-TA-098-14,Pd_Ag_Cu_1_5_1_re2,Pd_Ag_Cu_1_5_1_150_re2,0.164718916606038,0.620964029124426,0,0,0.092529345837051,1,,755.999999999999
TRN-TA-098-14,Pd_Ag_Cu_1_5_1_re2,Pd_Ag_Cu_1_5_1_150_re2,0.166054860714639,0.630200888534298,0,0,0.093323105364014,1,,769.499999999999
TRN-TA-098-14,Pd_Ag_Cu_1_5_1_re2,Pd_Ag_Cu_1_5_1_150_re2,0.163658154791005,0.619951774406408,0,0,0.092944197789878,1,,782.999999999999
TRN-TA-098-14,Pd_Ag_Cu_1_5_1_re2,Pd_Ag_Cu_1_5_1_150_re2,0.163001037657223,0.622301272688803,0,0,0.093390477288001,1,,796.499999999999
TRN-TA-098-14,Pd_Ag_Cu_1_5_1_re2,Pd_Ag_Cu_1_5_1_150_re2,0.162727889151938,0.625161982746335,0,0,0.093807266397739,1,,809.999999999999
TRN-TA-098-14,Pd_Ag_Cu_1_5_1_re2,Pd_Ag_Cu_1_5_1_150_re2,0.162838698886261,0.645772830036855,0,0,0.099011120633805,1,,823.499999999999
TRN-TA-098-14,Pd_Ag_Cu_1_5_1_re2,Pd_Ag_Cu_1_5_1_150_re2,0.160018986212034,0.622400398332068,0,0,0.093980052506429,1,,836.999999999999
TRN-TA-098-14,Pd_Ag_Cu_1_5_1_re2,Pd_Ag_Cu_1_5_1_150_re2,0.158556986050578,0.625171489799567,0,0,0.094457910317334,1,,850.499999999999
TRN-TA-098-14,Pd_Ag_Cu_1_5_1_re2,Pd_Ag_Cu_1_5_1_150_re2,0.15943529930698,0.625466468027621,0,0,0.094691410469565,1,,863.999999999999
TRN-TA-098-14,Pd_Ag_Cu_1_5_1_re2,Pd_Ag_Cu_1_5_1_150_re2,0.158613810699842,0.625572904004554,0,0,0.098579431132995,1,,877.499999999999
TRN-TA-098-14,Pd_Ag_Cu_1_5_1_re2,Pd_Ag_Cu_1_5_1_150_re2,0.158371117587183,0.627735485806382,0,0,0.095137196964308,1,,890.999999999999
TRN-TA-098-14,Pd_Ag_Cu_1_5_1_re2,Pd_Ag_Cu_1_5_1_150_re2,0.156236915736455,0.624872998022496,0,0,0.095250803402139,1,,904.499999999999
TRN-TA-098-14,Pd_Ag_Cu_1_5_1_re2,Pd_Ag_Cu_1_5_1_150_re2,0.155706278520024,0.631812457911625,0,0,0.095785406643992,1,,917.999999999999
TRN-TA-098-14,Pd_Ag_Cu_1_5_1_re2,Pd_Ag_Cu_1_5_1_150_re2,0.15600642118804,0.63347049549804,0,0,0.096033720819971,1,,931.499999999999
TRN-TA-098-14,Pd_Ag_Cu_1_5_1_re2,Pd_Ag_Cu_1_5_1_150_re2,0.154414687489445,0.626958281225022,0,0,0.095854487143969,1,,944.999999999999
TRN-TA-098-14,Pd_Ag_Cu_1_5_1_re2,Pd_Ag_Cu_1_5_1_150_re2,0.152856024345832,0.625121160271014,0,0,0.09590913876038,1,,958.499999999999
TRN-TA-098-14,Pd_Ag_Cu_1_5_1_re2,Pd_Ag_Cu_1_5_1_150_re2,0.15233591798228,0.624908007316749,0,0,0.095981297400574,1,,971.999999999999
TRN-TA-098-14,Pd_Ag_Cu_1_5_1_re2,Pd_Ag_Cu_1_5_1_150_re2,0.151646535200137,0.629467954880345,0,0,0.096522121902888,1,,985.499999999999
TRN-TA-098-14,Pd_Ag_Cu_1_5_1_re2,Pd_Ag_Cu_1_5_1_150_re2,0.150972416580523,0.631533800988875,0,0,0.096910769559894,1,,998.999999999999
TRN-TA-098-14,Pd_Ag_Cu_1_5_1_re2,Pd_Ag_Cu_1_5_1_150_re2,0.150580377738173,0.627579951697017,0,0,0.096691795967057,1,,1012.5
TRN-TA-098-14,Pd_Ag_Cu_1_5_1_re2,Pd_Ag_Cu_1_5_1_150_re2,0.151574180033987,0.621131072180655,0,0,0.095932221925807,1,,1026
TRN-TA-098-14,Pd_Ag_Cu_1_5_1_re2,Pd_Ag_Cu_1_5_1_150_re2,0.14893307578498,0.630840976398194,0,0,0.097201781451396,1,,1039.5
TRN-TA-098-14,Pd_Ag_Cu_1_5_1_re2,Pd_Ag_Cu_1_5_1_150_re2,0.147413134311673,0.58727378972949,0,0,0.093636726740357,1,,1053
TRN-TA-098-14,Pd_Ag_Cu_1_5_1_re2,Pd_Ag_Cu_1_5_1_150_re2,0.148671461921026,0.634612898958215,0,0,0.09741994962602,1,,1066.5
TRN-TA-098-14,Pd_Ag_Cu_1_5_1_re2,Pd_Ag_Cu_1_5_1_150_re2,0.148081041763074,0.62668438437196,0,0,0.096922893358477,1,,1080
TRN-TA-098-14,Pd_Ag_Cu_1_5_1_re2,Pd_Ag_Cu_1_5_1_150_re2,0.147147096436838,0.632335630545074,0,0,0.097481608616003,1,,1093.5
TRN-TA-098-14,Pd_Ag_Cu_1_5_1_re2,Pd_Ag_Cu_1_5_1_150_re2,0.147119794433371,0.635734649819551,0,0,0.097776552962707,1,,1107
TRN-TA-098-14,Pd_Ag_Cu_1_5_1_re2,Pd_Ag_Cu_1_5_1_150_re2,0.146431016994537,0.637282678888444,0,0,0.09779743138883,1,,1120.5
TRN-TA-098-14,Pd_Ag_Cu_1_5_1_re2,Pd_Ag_Cu_1_5_1_150_re2,0.145582477098496,0.635610162473905,0,0,0.097667897752155,1,,1134
TRN-TA-098-14,Pd_Ag_Cu_1_5_1_re2,Pd_Ag_Cu_1_5_1_150_re2,0.146379157881926,0.640848973108941,0,0,0.098002200719711,1,,1147.5
TRN-TA-098-14,Pd_Ag_Cu_1_5_1_re2,Pd_Ag_Cu_1_5_1_150_re2,0.145229116139976,0.631958304047776,0,0,0.097630698961271,1,,1161
TRN-TA-098-14,Pd_Ag_Cu_1_5_1_re2,Pd_Ag_Cu_1_5_1_150_re2,0.144002319012226,0.632928371013669,0,0,0.09751225118069,1,,1174.5
TRN-TA-098-14,Pd_Ag_Cu_1_5_1_re2,Pd_Ag_Cu_1_5_1_150_re2,0.143668258405182,0.642216913793295,0,0,0.098248220951652,1,,1188
TRN-TA-098-14,Pd_Ag_Cu_1_5_1_re2,Pd_Ag_Cu_1_5_1_150_re2,0.143663120740431,0.643837930025244,0,0,0.098419426850078,1,,1201.5
TRN-TA-098-14,Pd_Ag_Cu_1_5_1_re2,Pd_Ag_Cu_1_5_1_150_re2,0.142781561076759,0.640418931313629,0,0,0.098243870409724,1,,1215
TRN-TA-098-14,Pd_Ag_Cu_1_5_1_re2,Pd_Ag_Cu_1_5_1_150_re2,0.142153957758947,0.644388853305327,0,0,0.098268875310843,1,,1229.28
TRN-TA-098-14,Pd_Ag_Cu_1_5_1_re2,Pd_Ag_Cu_1_5_1_150_re2,0.141301362433675,0.641566503858167,0,0,0.098341113891295,1,,1242.78
TRN-TA-098-14,Pd_Ag_Cu_1_5_1_re2,Pd_Ag_Cu_1_5_1_150_re2,0.1409249545439,0.643828250430663,0,0,0.098475105076853,1,,1256.28
TRN-TA-098-14,Pd_Ag_Cu_1_5_1_re2,Pd_Ag_Cu_1_5_1_150_re2,0.13958598227261,0.635032547309622,0,0,0.098114158910203,1,,1269.78
TRN-TA-098-14,Pd_Ag_Cu_1_5_1_re2,Pd_Ag_Cu_1_5_1_150_re2,0.139882350160757,0.650495872528965,0,0,0.099025557967112,1,,1283.28
TRN-TA-098-14,Pd_Ag_Cu_1_5_1_re2,Pd_Ag_Cu_1_5_1_150_re2,0.139417795695973,0.644141099937755,0,0,0.098577145839097,1,,1296.78
TRN-TA-098-14,Pd_Ag_Cu_1_5_1_re2,Pd_Ag_Cu_1_5_1_150_re2,0.138722415731498,0.64245239885751,0,0,0.098550740006901,1,,1310.28
TRN-TA-098-14,Pd_Ag_Cu_1_5_1_re2,Pd_Ag_Cu_1_5_1_150_re2,0.137755486562322,0.647723918454938,0,0,0.098992293317957,1,,1323.78
TRN-TA-098-14,Pd_Ag_Cu_1_5_1_re2,Pd_Ag_Cu_1_5_1_150_re2,0.137475256870677,0.648053247907682,0,0,0.098952696802642,1,,1337.28
TRN-TA-098-14,Pd_Ag_Cu_1_5_1_re2,Pd_Ag_Cu_1_5_1_150_re2,0.137685531928097,0.652166168518492,0,0,0.099016426413884,1,,1350.78
TRN-TA-098-14,Pd_Ag_Cu_1_5_1_re2,Pd_Ag_Cu_1_5_1_150_re2,0.136148033344561,0.641669576846691,0,0,0.098769585108659,1,,1364.28
TRN-TA-098-14,Pd_Ag_Cu_1_5_1_re2,Pd_Ag_Cu_1_5_1_150_re2,0.135402863088577,0.648938540018706,0,0,0.09916030515731,1,,1377.78
TRN-TA-098-14,Pd_Ag_Cu_1_5_1_re2,Pd_Ag_Cu_1_5_1_150_re2,0.134675394636723,0.64950471534092,0,0,0.099114905536332,1,,1391.28
TRN-TA-098-14,Pd_Ag_Cu_1_5_1_re2,Pd_Ag_Cu_1_5_1_150_re2,0.135353065944718,0.652098623282059,0,0,0.099211805048967,1,,1404.78
TRN-TA-098-14,Pd_Ag_Cu_1_5_1_re2,Pd_Ag_Cu_1_5_1_150_re2,0.133619108734898,0.641465841217458,0,0,0.098508694125187,1,,1418.28
TRN-TA-098-14,Pd_Ag_Cu_1_5_1_re2,Pd_Ag_Cu_1_5_1_150_re2,0.133979233861348,0.647220534257607,0,0,0.099181222218251,1,,1431.78
TRN-TA-098-14,Pd_Ag_Cu_1_5_1_re2,Pd_Ag_Cu_1_5_1_150_re2,0.131956889290142,0.636759200864194,0,0,0.098307349008996,1,,1445.28
TRN-TA-098-14,Pd_Ag_Cu_1_5_1_re2,Pd_Ag_Cu_1_5_1_150_re2,0.133057330496709,0.652434023517518,0,0,0.09920227795356,1,,1458.78
TRN-TA-098-14,Pd_Ag_Cu_1_5_1_re2,Pd_Ag_Cu_1_5_1_150_re2,0.131993056913692,0.644030310623219,0,0,0.098736903702019,1,,1472.28
TRN-TA-098-14,Pd_Ag_Cu_1_5_1_re2,Pd_Ag_Cu_1_5_1_150_re2,0.132353558225009,0.646728110860197,0,0,0.098874605721464,1,,1485.78
TRN-TA-098-14,Pd_Ag_Cu_1_5_1_re2,Pd_Ag_Cu_1_5_1_150_re2,0.132082134426819,0.651900013406955,0,0,0.098941149245432,1,,1499.28
TRN-TA-098-14,Pd_Ag_Cu_1_5_1_re2,Pd_Ag_Cu_1_5_1_150_re2,0.130956838758773,0.649478845148473,0,0,0.098985583024605,1,,1512.78
TRN-TA-098-14,Pd_Ag_Cu_1_5_1_re2,Pd_Ag_Cu_1_5_1_150_re2,0.130584500534494,0.651421522965908,0,0,0.099034168322235,1,,1526.28
TRN-TA-098-14,Pd_Ag_Cu_1_5_1_re2,Pd_Ag_Cu_1_5_1_150_re2,0.131387536252362,0.65630924010008,0,0,0.099235614641488,1,,1539.78
TRN-TA-098-14,Pd_Ag_Cu_1_5_1_re2,Pd_Ag_Cu_1_5_1_150_re2,0.129442290130214,0.649938140199489,0,0,0.098984634186941,1,,1553.28
TRN-TA-098-14,Pd_Ag_Cu_1_5_1_re2,Pd_Ag_Cu_1_5_1_150_re2,0.129522821004177,0.65562071190931,0,0,0.098804136487462,1,,1566.78
TRN-TA-098-14,Pd_Ag_Cu_1_5_1_re2,Pd_Ag_Cu_1_5_1_150_re2,0.131384401785548,0.657535527777213,0,0,0.098977362725676,1,,1580.28
TRN-TA-098-14,Pd_Ag_Cu_1_5_1_re2,Pd_Ag_Cu_1_5_1_150_re2,0.128475865218167,0.647458577138457,0,0,0.098540669506876,1,,1593.78
TRN-TA-098-14,Pd_Ag_Cu_1_5_1_re2,Pd_Ag_Cu_1_5_1_150_re2,0.128153240558508,0.65077110668728,0,0,0.098791269777529,1,,1607.28
TRN-TA-098-14,Pd_Ag_Cu_1_5_1_re2,Pd_Ag_Cu_1_5_1_150_re2,0.127051511639114,0.656667158363098,0,0,0.098799012188278,1,,1620.78
TRN-TA-098-14,Pd_Ag_Cu_1_5_1_re2,Pd_Ag_Cu_1_5_1_150_re2,0.127513882823165,0.653153591274976,0,0,0.098746806192749,1,,1634.28
TRN-TA-098-14,Pd_Ag_Cu_1_5_1_re2,Pd_Ag_Cu_1_5_1_150_re2,0.127550099591903,0.654734593334089,0,0,0.098646651201224,1,,1647.78
TRN-TA-098-14,Pd_Ag_Cu_1_5_1_re2,Pd_Ag_Cu_1_5_1_150_re2,0.124704456028406,0.638002087800252,0,0,0.09792710979005,1,,1661.28
TRN-TA-098-14,Pd_Ag_Cu_1_5_1_re2,Pd_Ag_Cu_1_5_1_150_re2,0.125382271066926,0.653378883243718,0,0,0.098918643445311,1,,1674.78
TRN-TA-098-14,Pd_Ag_Cu_1_5_1_re2,Pd_Ag_Cu_1_5_1_150_re2,0.126953805681085,0.659818449757406,0,0,0.099105318407604,1,,1688.28
TRN-TA-098-14,Pd_Ag_Cu_1_5_1_re2,Pd_Ag_Cu_1_5_1_150_re2,0.123988677414144,0.647597624172442,0,0,0.09833840853737,1,,1701.78
TRN-TA-098-14,Pd_Ag_Cu_1_5_1_re2,Pd_Ag_Cu_1_5_1_150_re2,0.123952920055266,0.641681971516265,0,0,0.097854337682106,1,,1715.28
TRN-TA-098-14,Pd_Ag_Cu_1_5_1_re2,Pd_Ag_Cu_1_5_1_150_re2,0.122781623919671,0.633835566305161,0,0,0.097347711372782,1,,1728.78
TRN-TA-098-14,Pd_Ag_Cu_1_5_1_re2,Pd_Ag_Cu_1_5_1_150_re2,0.123173885105517,0.652080378190916,0,0,0.098534982047022,1,,1742.28
TRN-TA-098-14,Pd_Ag_Cu_1_5_1_re2,Pd_Ag_Cu_1_5_1_150_re2,0.124136863821455,0.654443924952174,0,0,0.098587296876885,1,,1755.78
TRN-TA-098-14,Pd_Ag_Cu_1_5_1_re2,Pd_Ag_Cu_1_5_1_150_re2,0.123645031981476,0.654080752732448,0,0,0.098436267670411,1,,1769.28
TRN-TA-098-14,Pd_Ag_Cu_1_5_1_re2,Pd_Ag_Cu_1_5_1_150_re2,0.123210537195326,0.655922054366763,0,0,0.098512246578122,1,,1782.78
TRN-TA-098-14,Pd_Ag_Cu_1_5_1_re2,Pd_Ag_Cu_1_5_1_150_re2,0.122856508024478,0.65861010829475,0,0,0.098571354926875,1,,1796.28
TRN-TA-098-14,Pd_Ag_Cu_1_5_1_re2,Pd_Ag_Cu_1_5_1_150_re2,0.122210282185018,0.654389173688769,0,0,0.098347595687646,1,,1809.78
TRN-TA-098-14,Pd_Ag_Cu_1_5_1_re2,Pd_Ag_Cu_1_5_1_150_re2,0.120983803837353,0.641671157623397,0,0,0.097501465831859,1,,1823.28
TRN-TA-098-14,Pd_Ag_Cu_1_5_1_re2,Pd_Ag_Cu_1_5_1_150_re2,0.121833791502817,0.663675546456151,0,0,0.098752921539899,1,,1836.78
TRN-TA-098-14,Pd_Ag_Cu_1_5_1_re2,Pd_Ag_Cu_1_5_1_150_re2,0.120745693298677,0.655625959738274,0,0,0.098081804984283,1,,1850.28
TRN-TA-098-14,Pd_Ag_Cu_1_5_1_re2,Pd_Ag_Cu_1_5_1_150_re2,0.120461353332277,0.664899203799558,0,0,0.098861207636565,1,,1863.78
TRN-TA-098-14,Pd_Ag_Cu_1_5_1_re2,Pd_Ag_Cu_1_5_1_150_re2,0.119894916835683,0.647569595588,0,0,0.097514754393546,1,,1877.28
TRN-TA-098-14,Pd_Ag_Cu_1_5_1_re2,Pd_Ag_Cu_1_5_1_150_re2,0.120902175161466,0.666501728868943,0,0,0.098609572610185,1,,1890.78
TRN-TA-098-14,Pd_Ag_Cu_1_5_1_re2,Pd_Ag_Cu_1_5_1_150_re2,0.12005379472705,0.662950083371818,0,0,0.098288200318545,1,,1904.28
TRN-TA-098-14,Pd_Ag_Cu_1_5_1_re2,Pd_Ag_Cu_1_5_1_150_re2,0.119068702165418,0.652414829852496,0,0,0.097621135849651,1,,1917.78
TRN-TA-098-14,Pd_Ag_Cu_1_5_1_re2,Pd_Ag_Cu_1_5_1_150_re2,0.118749284762454,0.65745547953059,0,0,0.09789594257601,1,,1931.28
TRN-TA-098-14,Pd_Ag_Cu_1_5_1_re2,Pd_Ag_Cu_1_5_1_150_re2,0.118178756602815,0.661987639384617,0,0,0.09800909768635,1,,1944.78000000001
TRN-TA-098-14,Pd_Ag_Cu_1_5_1_re2,Pd_Ag_Cu_1_5_1_150_re2,0.118228913686356,0.663615757017586,0,0,0.098163177512329,1,,1958.28000000001
TRN-TA-098-14,Pd_Ag_Cu_1_5_1_re2,Pd_Ag_Cu_1_5_1_150_re2,0.117336664111216,0.662419589126404,0,0,0.098135981942509,1,,1971.78000000001
TRN-TA-098-14,Pd_Ag_Cu_1_5_1_re2,Pd_Ag_Cu_1_5_1_150_re2,0.117601331218982,0.660296826326541,0,0,0.097796957703991,1,,1985.28000000001
TRN-TA-098-14,Pd_Ag_Cu_1_5_1_re2,Pd_Ag_Cu_1_5_1_150_re2,0.11660856351227,0.666911330084039,0,0,0.09826627400563,1,,1998.78000000001
TRN-TA-098-14,Pd_Ag_Cu_1_5_1_re2,Pd_Ag_Cu_1_5_1_150_re2,0.116773162117623,0.669402652072301,0,0,0.098311941404299,1,,2012.28000000001
TRN-TA-098-14,Pd_Ag_Cu_1_5_1_re2,Pd_Ag_Cu_1_5_1_150_re2,0.115744829279935,0.660861744779172,0,0,0.097596300601435,1,,2025.78000000001
TRN-TA-098-14,Pd_Ag_Cu_1_5_1_re2,Pd_Ag_Cu_1_5_1_150_re2,0.11501535643156,0.660499224204346,0,0,0.097618184205966,1,,2039.28000000001
TRN-TA-098-14,Pd_Ag_Cu_1_5_1_re2,Pd_Ag_Cu_1_5_1_150_re2,0.115750754709781,0.670161456238419,0,0,0.097966971624478,1,,2052.78000000001
TRN-TA-098-14,Pd_Ag_Cu_1_5_1_re2,Pd_Ag_Cu_1_5_1_150_re2,0.114538789500115,0.668875122845711,0,0,0.097856545526776,1,,2066.28000000001
TRN-TA-098-14,Pd_Ag_Cu_1_5_1_re2,Pd_Ag_Cu_1_5_1_150_re2,0.113660255675929,0.662979303884397,0,0,0.097331273319984,1,,2079.78000000001
TRN-TA-098-14,Pd_Ag_Cu_1_5_1_re2,Pd_Ag_Cu_1_5_1_150_re2,0.112937268703966,0.661715348585692,0,0,0.097300794132459,1,,2093.28000000001
TRN-TA-098-14,Pd_Ag_Cu_1_5_1_re2,Pd_Ag_Cu_1_5_1_150_re2,0.112674241924606,0.669316187359267,0,0,0.097645860505409,1,,2106.78000000001
TRN-TA-098-14,Pd_Ag_Cu_1_5_1_re2,Pd_Ag_Cu_1_5_1_150_re2,0.113726693264006,0.666361496307483,0,0,0.097101716536608,1,,2120.28000000001
TRN-TA-098-14,Pd_Ag_Cu_1_5_1_re2,Pd_Ag_Cu_1_5_1_150_re2,0.114144834310663,0.660619000924876,0,0,0.095890484794315,1,,2133.78000000001
TRN-TA-098-14,Pd_Ag_Cu_1_5_1_re2,Pd_Ag_Cu_1_5_1_150_re2,0.112259701723147,0.657564681058485,0,0,0.095646801700618,1,,2147.28000000001
TRN-TA-098-14,Pd_Ag_Cu_1_5_1_re2,Pd_Ag_Cu_1_5_1_150_re2,0.113363368629879,0.669507517402243,0,0,0.096214339249697,1,,2160.78000000001
TRN-TA-098-14,Pd_Ag_Cu_1_5_1_re2,Pd_Ag_Cu_1_5_1_150_re2,0.112398052171874,0.671953811734695,0,0,0.096265221514134,1,,2174.28000000001
TRN-TA-098-14,Pd_Ag_Cu_1_5_1_re2,Pd_Ag_Cu_1_5_1_150_re2,0.112294245438604,0.671510719166206,0,0,0.096050160761978,1,,2187.78000000001
TRN-TA-098-14,Pd_Ag_Cu_1_5_1_re2,Pd_Ag_Cu_1_5_1_150_re2,0.110676092528914,0.652789728766312,0,0,0.094596837863349,1,,2201.28000000001
TRN-TA-098-14,Pd_Ag_Cu_1_5_1_re2,Pd_Ag_Cu_1_5_1_150_re2,0.110978273540468,0.676105971835964,0,0,0.096117236262691,1,,2214.78000000001
TRN-TA-098-14,Pd_Ag_Cu_1_5_1_re2,Pd_Ag_Cu_1_5_1_150_re2,0.109832732612133,0.675633270588274,0,0,0.096316709992226,1,,2228.28000000001
TRN-TA-098-14,Pd_Ag_Cu_1_5_1_re2,Pd_Ag_Cu_1_5_1_150_re2,0.10994327246835,0.683727693972775,0,0,0.09640102605136,1,,2241.78000000001
TRN-TA-098-14,Pd_Ag_Cu_1_5_1_re2,Pd_Ag_Cu_1_5_1_150_re2,0.108114675953305,0.672777976045549,0,0,0.095656310952774,1,,2255.28000000001
TRN-TA-098-14,Pd_Ag_Cu_1_5_1_re2,Pd_Ag_Cu_1_5_1_150_re2,0.106843315375116,0.667980404152016,0,0,0.095152784985413,1,,2268.78000000001
TRN-TA-098-14,Pd_Ag_Cu_1_5_1_re2,Pd_Ag_Cu_1_5_1_150_re2,0.106391178193236,0.676491170743017,0,0,0.095449901019779,1,,2282.28000000001
TRN-TA-098-14,Pd_Ag_Cu_1_5_1_re2,Pd_Ag_Cu_1_5_1_150_re2,0.105604346995414,0.674042126883961,0,0,0.095245667650949,1,,2295.78000000001
TRN-TA-098-14,Pd_Ag_Cu_1_5_1_re2,Pd_Ag_Cu_1_5_1_150_re2,0.103982053792048,0.659782170464268,0,0,0.094376374473257,1,,2309.28000000001
TRN-TA-098-14,Pd_Ag_Cu_1_5_1_re2,Pd_Ag_Cu_1_5_1_150_re2,0.104882216775255,0.675496122453863,0,0,0.094980088003655,1,,2322.78000000001
TRN-TA-098-14,Pd_Ag_Cu_1_5_1_re2,Pd_Ag_Cu_1_5_1_150_re2,0.103528502298281,0.675381248238509,0,0,0.095166145132406,0.993624607644346,,2336.28000000001
TRN-TA-098-14,Pd_Ag_Cu_1_5_1_re2,Pd_Ag_Cu_1_5_1_150_re2,0.104048273560506,0.6878983720476,0,0,0.095755923772348,0.993061783558192,,2349.78000000001
TRN-TA-098-14,Pd_Ag_Cu_1_5_1_re2,Pd_Ag_Cu_1_5_1_150_re2,0.102114084207656,0.677046318579263,0,0,0.094946475363559,0.992356569072917,,2363.28000000001
TRN-TA-098-14,Pd_Ag_Cu_1_5_1_re2,Pd_Ag_Cu_1_5_1_150_re2,0.101844855338677,0.683550249767362,0,0,0.095122292329177,0.991704701140283,,2376.78000000001
TRN-TA-098-14,Pd_Ag_Cu_1_5_1_re2,Pd_Ag_Cu_1_5_1_150_re2,0.101231994406479,0.681403723059804,0,0,0.09471264796441,0.990981736367782,,2390.28000000001
TRN-TA-098-14,Pd_Ag_Cu_1_5_1_re2,Pd_Ag_Cu_1_5_1_150_re2,0.098614690685802,0.666667548946079,0,0,0.093806670535051,0.990125421801692,,2403.78000000001
TRN-TA-098-14,Pd_Ag_Cu_1_5_1_re2,Pd_Ag_Cu_1_5_1_150_re2,0.0989312908916,0.675014341306777,0,0,0.094142437572876,0.989303508381068,,2417.28000000001
TRN-TA-098-14,Pd_Ag_Cu_1_5_1_re2,Pd_Ag_Cu_1_5_1_150_re2,0.0974114779096,0.672084162841605,0,0,0.093859848111236,0.988409825763867,,2430.78000000001
TRN-TA-098-14,Pd_Ag_Cu_1_5_1_re2,Pd_Ag_Cu_1_5_1_150_re2,0.097370024922096,0.681245645593018,0,0,0.094191075558637,0.987287067833737,,2444.28000000001
TRN-TA-098-14,Pd_Ag_Cu_1_5_1_re2,Pd_Ag_Cu_1_5_1_150_re2,0.097026177012029,0.694157427343081,0,0,0.094706571641129,0.98608320044412,,2457.78000000001
TRN-TA-098-14,Pd_Ag_Cu_1_5_1_re2,Pd_Ag_Cu_1_5_1_150_re2,0.094673729840959,0.673970177677744,0,0,0.093328501215779,0.985121746795853,,2471.28000000001
TRN-TA-098-14,Pd_Ag_Cu_1_5_1_re2,Pd_Ag_Cu_1_5_1_150_re2,0.093776784093415,0.684964282937502,0,0,0.093744391845711,0.983640752351036,,2484.78000000001
TRN-TA-098-14,Pd_Ag_Cu_1_5_1_re2,Pd_Ag_Cu_1_5_1_150_re2,0.093230142112583,0.685248090159022,0,0,0.09383145252695,0.982466378125908,,2498.28000000001
TRN-TA-098-14,Pd_Ag_Cu_1_5_1_re2,Pd_Ag_Cu_1_5_1_150_re2,0.09214811516327,0.686595305956062,0,0,0.093598639630192,0.980998024969123,,2511.78000000001
TRN-TA-098-14,Pd_Ag_Cu_1_5_1_re2,Pd_Ag_Cu_1_5_1_150_re2,0.091698892955482,0.690899842733095,0,0,0.093554300715512,0.979516853009678,,2525.28000000001
TRN-TA-098-14,Pd_Ag_Cu_1_5_1_re2,Pd_Ag_Cu_1_5_1_150_re2,0.090004385290772,0.677917866963609,0,0,0.092628178029217,0.978068176220569,,2538.78000000001
TRN-TA-098-14,Pd_Ag_Cu_1_5_1_re2,Pd_Ag_Cu_1_5_1_150_re2,0.089574460384164,0.684096530865443,0,0,0.09276223313646,0.976447393953464,,2552.28000000001
TRN-TA-098-14,Pd_Ag_Cu_1_5_1_re2,Pd_Ag_Cu_1_5_1_150_re2,0.089285823512783,0.697504867156706,0,0,0.092582206752244,0.974494792544734,,2566.50000000001
TRN-TA-098-14,Pd_Ag_Cu_1_5_1_re2,Pd_Ag_Cu_1_5_1_150_re2,0.087838880583261,0.688264536108176,0,0,0.092325912593805,0.972815937837181,,2580.00000000001
TRN-TA-098-14,Pd_Ag_Cu_1_5_1_re2,Pd_Ag_Cu_1_5_1_150_re2,0.086683298776091,0.688399033113703,0,0,0.092141210044017,0.970666810533296,,2593.50000000001
TRN-TA-098-14,Pd_Ag_Cu_1_5_1_re2,Pd_Ag_Cu_1_5_1_150_re2,0.085940206682749,0.692046296625137,0,0,0.092265679696268,0.968597970973931,,2607.00000000001
TRN-TA-098-14,Pd_Ag_Cu_1_5_1_re2,Pd_Ag_Cu_1_5_1_150_re2,0.084396997418927,0.686731823969055,0,0,0.091744316420043,0.96623012435971,,2620.50000000001
TRN-TA-098-14,Pd_Ag_Cu_1_5_1_re2,Pd_Ag_Cu_1_5_1_150_re2,0.083827721135263,0.689532954653214,0,0,0.091764736637098,0.963997246233847,,2634.00000000001
TRN-TA-098-14,Pd_Ag_Cu_1_5_1_re2,Pd_Ag_Cu_1_5_1_150_re2,0.082736498237399,0.688323568444266,0,0,0.091559035131452,0.961490745206411,,2647.50000000001
TRN-TA-098-14,Pd_Ag_Cu_1_5_1_re2,Pd_Ag_Cu_1_5_1_150_re2,0.08209358035704,0.691255552050357,0,0,0.091501674182522,0.958919562630477,,2661.00000000001
TRN-TA-098-14,Pd_Ag_Cu_1_5_1_re2,Pd_Ag_Cu_1_5_1_150_re2,0.081447864457742,0.699521993782841,0,0,0.091698994954694,0.955841140095995,,2674.50000000001
TRN-TA-098-14,Pd_Ag_Cu_1_5_1_re2,Pd_Ag_Cu_1_5_1_150_re2,0.079674420259551,0.685003101623349,0,0,0.090784775103999,0.953202231130079,,2688.00000000001
TRN-TA-098-14,Pd_Ag_Cu_1_5_1_re2,Pd_Ag_Cu_1_5_1_150_re2,0.078526503063992,0.674420916869118,0,0,0.089923735152884,0.950336564713352,,2701.50000000001
TRN-TA-098-14,Pd_Ag_Cu_1_5_1_re2,Pd_Ag_Cu_1_5_1_150_re2,0.079622740884187,0.710279418172165,0,0,0.091497087034364,0.946248024960071,,2715.00000000001
TRN-TA-098-14,Pd_Ag_Cu_1_5_1_re2,Pd_Ag_Cu_1_5_1_150_re2,0.077741831055486,0.691183474013711,0,0,0.090482233872891,0.943182034015992,,2728.50000000001
TRN-TA-098-14,Pd_Ag_Cu_1_5_1_re2,Pd_Ag_Cu_1_5_1_150_re2,0.076376069047475,0.69539674221535,0,0,0.090669280489759,0.938675119191763,,2742.00000000001
TRN-TA-098-14,Pd_Ag_Cu_1_5_1_re2,Pd_Ag_Cu_1_5_1_150_re2,0.075580746844203,0.69198250862154,0,0,0.09010818599918,0.934865338925305,,2755.50000000001
TRN-TA-098-14,Pd_Ag_Cu_1_5_1_re2,Pd_Ag_Cu_1_5_1_150_re2,0.075335413883224,0.703772453193194,0,0,0.090637377081903,0.930035520229317,,2769.00000000001
TRN-TA-098-14,Pd_Ag_Cu_1_5_1_re2,Pd_Ag_Cu_1_5_1_150_re2,0.073309783662488,0.66934379436811,0,0,0.088471214799893,0.927047518950655,,2782.50000000001
TRN-TA-098-14,Pd_Ag_Cu_1_5_1_re2,Pd_Ag_Cu_1_5_1_150_re2,0.073030338356255,0.692411051746043,0,0,0.089670106706563,0.920333753014655,,2796.00000000001
TRN-TA-098-14,Pd_Ag_Cu_1_5_1_re2,Pd_Ag_Cu_1_5_1_150_re2,0.071923910438873,0.688476825527794,0,0,0.08943116668962,0.914951874719315,,2809.50000000001
TRN-TA-098-14,Pd_Ag_Cu_1_5_1_re2,Pd_Ag_Cu_1_5_1_150_re2,0.070990627635742,0.685713794761841,0,0,0.08927049205209,0.909060227307794,,2823.00000000001
TRN-TA-098-14,Pd_Ag_Cu_1_5_1_re2,Pd_Ag_Cu_1_5_1_150_re2,0.070128929799681,0.685930295363832,0,0,0.089073327673972,0.902565081864242,,2836.50000000001
TRN-TA-098-14,Pd_Ag_Cu_1_5_1_re2,Pd_Ag_Cu_1_5_1_150_re2,0.069708384533219,0.687291277031337,0,0,0.088942478864238,0.895684600509676,,2850.00000000001
TRN-TA-098-14,Pd_Ag_Cu_1_5_1_re2,Pd_Ag_Cu_1_5_1_150_re2,0.069073759497031,0.684576923883266,0,0,0.08859408008383,0.888747702773559,,2863.50000000001
TRN-TA-098-14,Pd_Ag_Cu_1_5_1_re2,Pd_Ag_Cu_1_5_1_150_re2,0.068198148309353,0.681724751663818,0,0,0.088278815790856,0.880812998573493,,2877.00000000001
TRN-TA-098-14,Pd_Ag_Cu_1_5_1_re2,Pd_Ag_Cu_1_5_1_150_re2,0.06702052637932,0.670906689431947,0,0,0.087723010870194,0.872305781362365,,2890.50000000001
TRN-TA-098-14,Pd_Ag_Cu_1_5_1_re2,Pd_Ag_Cu_1_5_1_150_re2,0.066543344058726,0.675498633135319,0,0,0.087864223770676,0.862027084365693,,2904.00000000001
TRN-TA-098-14,Pd_Ag_Cu_1_5_1_re2,Pd_Ag_Cu_1_5_1_150_re2,0.06649676741378,0.682853154453181,0,0,0.087978829806288,0.851416569399563,,2917.50000000001
TRN-TA-098-14,Pd_Ag_Cu_1_5_1_re2,Pd_Ag_Cu_1_5_1_150_re2,0.065485802405315,0.666408039621697,0,0,0.087178885626307,0.841040722647553,,2931.00000000001
TRN-TA-098-14,Pd_Ag_Cu_1_5_1_re2,Pd_Ag_Cu_1_5_1_150_re2,0.064970091191474,0.66803768447834,0,0,0.087097917287527,0.827298169539338,,2944.50000000001
TRN-TA-098-14,Pd_Ag_Cu_1_5_1_re2,Pd_Ag_Cu_1_5_1_150_re2,0.064629096492855,0.675499732170332,0,0,0.087530644099403,0.809771370773364,,2958.00000000001
TRN-TA-098-14,Pd_Ag_Cu_1_5_1_re2,Pd_Ag_Cu_1_5_1_150_re2,0.063529972156275,0.65232134921521,0,0,0.086114001733228,0.792962778610758,,2971.50000000001
TRN-TA-098-14,Pd_Ag_Cu_1_5_1_re2,Pd_Ag_Cu_1_5_1_150_re2,0.063126773234128,0.657523899488695,0,0,0.086366011477087,0.766552144121305,,2985.00000000001
TRN-TA-098-14,Pd_Ag_Cu_1_5_1_re2,Pd_Ag_Cu_1_5_1_150_re2,0.063162535701484,0.648568128475725,0,0,0.085666865652111,0.738623253558128,,2998.50000000001
TRN-TA-098-14,Pd_Ag_Cu_1_5_1_re2,Pd_Ag_Cu_1_5_1_150_re2,0.063431224207414,0.638900910216352,0,0,0.08515158481574,0.697323215921141,,3012.00000000001
TRN-TA-098-14,Pd_Ag_Cu_1_5_1_re2,Pd_Ag_Cu_1_5_1_150_re2,0.064633583139444,0.619830167147392,0,0,0.083456063734831,0.632873845519358,,3025.50000000001
TRN-TA-098-14,Pd_Ag_Cu_1_5_1_re2,Pd_Ag_Cu_1_5_1_150_re2,0.071606889001702,0.587290347804351,0,0,0.079377641796764,0.495362348275485,,3039.00000000001
TRN-TA-098-14,Pd_Ag_Cu_1_5_1_re2,Pd_Ag_Cu_1_5_1_150_re2,0.089085996444583,0.487726155843508,0,0,0.057645886404123,0.334895668534593,,3052.50000000001
TRN-TA-098-14,Pd_Ag_Cu_1_5_1_re2,Pd_Ag_Cu_1_5_1_150_re2,0.1027242097969,0.443118247004606,0,0,0.041416784202646,0.271287227974829,,3066.00000000001
TRN-TA-098-14,Pd_Ag_Cu_1_5_1_re2,Pd_Ag_Cu_1_5_1_150_re2,0.112218923400347,0.436606557760956,0,0,0.043621988512656,0.244280352754207,,3079.50000000001
TRN-TA-098-14,Pd_Ag_Cu_1_5_1_re2,Pd_Ag_Cu_1_5_1_150_re2,0.12122033546883,0.44142627446266,0,0,0.045348999256819,0.224581913236064,,3093.00000000001
TRN-TA-098-14,Pd_Ag_Cu_1_5_1_re2,Pd_Ag_Cu_1_5_1_150_re2,0.127755589183867,0.433150520535249,0,0,0.046187688742399,0.211516420687627,,3106.50000000001
TRN-TA-098-14,Pd_Ag_Cu_1_5_1_re2,Pd_Ag_Cu_1_5_1_150_re2,0.131494300737098,0.400428200060778,0,0,0.045934442961901,0.20274596629081,,3120.00000000001
TRN-TA-098-14,Pd_Ag_Cu_1_5_1_re2,Pd_Ag_Cu_1_5_1_150_re2,0.136194398022052,0.384611831580462,0,0,0.046313698845264,0.19370473433074,,3133.50000000001
TRN-TA-098-14,Pd_Ag_Cu_1_5_1_re2,Pd_Ag_Cu_1_5_1_150_re2,0.139394079269724,0.374932978411976,0,0,0.046438101826336,0.187892068792036,,3147.00000000001
TRN-TA-098-14,Pd_Ag_Cu_1_5_1_re2,Pd_Ag_Cu_1_5_1_150_re2,0.139123348041695,0.325522400165196,0,0,0.045455708205049,0.185163578161057,,3160.50000000001
